,Branch,Date,# Drops,# Partials,# Irregular Borrower,# Paid Off Yesterday,# Today Disbursed,# Today Paid Off,# Virtual New Borrower (Disbursed),# Returning Borrowers (Disbursed),# CGT Trainings,New Members (pending loans not yet approved),# Recognized Return Members (pending loans not yet approved),$ Portfolio Outstanding,Center #,Total # Active Members,# Active Members Present,# Active Members late,# Active Members Absent Excused,# Active Members Absent Unexcused,Reasons for Lateness or Absences
0,01 - Jackson Heights - Queens 1,2022-02-01,22,21,27,18,36,23,5,14,27,4,19,20,1,37,33,30,42,32,v
1,01 - Jackson Heights - Queens 1,2022-02-02,8,12,6,46,32,30,47,9,0,4,20,2,47,42,5,34,40,36,x
2,01 - Jackson Heights - Queens 1,2022-02-03,36,45,25,26,24,9,31,3,22,29,41,41,20,10,15,22,10,5,z
3,01 - Jackson Heights - Queens 1,2022-02-04,15,6,42,7,28,42,1,14,36,43,34,37,38,41,42,33,8,27,c
4,01 - Jackson Heights - Queens 1,2022-02-05,48,44,25,44,11,15,41,46,12,12,10,22,13,31,40,23,12,40,g
5,01 - Jackson Heights - Queens 1,2022-02-06,2,21,31,49,21,49,3,18,16,22,6,11,24,18,11,11,33,37,r
6,01 - Jackson Heights - Queens 1,2022-02-07,11,44,27,41,22,37,28,6,14,26,49,34,42,39,28,26,45,21,o
7,01 - Jackson Heights - Queens 1,2022-02-08,19,38,40,41,6,26,25,24,3,11,9,33,39,33,42,27,18,0,m
8,01 - Jackson Heights - Queens 1,2022-02-09,20,35,47,36,46,26,5,22,16,29,22,48,36,19,28,5,15,18,u
9,01 - Jackson Heights - Queens 1,2022-02-10,34,8,4,40,8,47,49,36,1,29,19,11,47,24,4,37,35,34,y
10,01 - Jackson Heights - Queens 1,2022-02-11,16,18,38,38,8,40,18,45,40,49,15,16,29,27,37,19,12,24,l
11,01 - Jackson Heights - Queens 1,2022-02-12,15,38,41,3,43,31,13,29,19,0,28,43,5,15,30,37,20,42,a
12,01 - Jackson Heights - Queens 1,2022-02-13,31,34,22,3,10,30,19,29,29,21,40,28,30,30,24,41,13,3,w
13,01 - Jackson Heights - Queens 1,2022-02-14,38,39,22,36,1,14,39,17,26,24,19,40,39,30,49,40,21,34,w
14,01 - Jackson Heights - Queens 1,2022-02-15,3,0,22,46,12,43,40,36,45,35,35,38,33,27,24,0,5,26,p
15,01 - Jackson Heights - Queens 1,2022-02-16,29,32,41,31,44,11,31,7,39,5,31,34,25,10,38,21,39,43,v
16,01 - Jackson Heights - Queens 1,2022-02-17,5,28,40,2,23,32,29,16,23,9,16,49,2,17,6,21,38,23,a
17,01 - Jackson Heights - Queens 1,2022-02-18,1,46,1,23,27,20,21,9,7,33,21,37,4,26,16,34,11,11,a
18,01 - Jackson Heights - Queens 1,2022-02-19,14,11,29,16,17,31,42,24,35,9,34,35,12,17,48,21,17,48,r
19,01 - Jackson Heights - Queens 1,2022-02-20,7,24,20,19,6,31,42,22,45,27,40,31,24,6,45,28,3,12,n
20,01 - Jackson Heights - Queens 1,2022-02-21,34,19,1,7,0,23,6,47,5,39,1,1,24,8,7,37,15,39,c
21,01 - Jackson Heights - Queens 1,2022-02-22,0,29,23,40,4,42,39,19,13,44,38,38,34,3,47,29,30,28,b
22,01 - Jackson Heights - Queens 1,2022-02-23,23,24,19,26,31,47,41,30,28,29,45,39,21,34,8,24,47,44,o
23,01 - Jackson Heights - Queens 1,2022-02-24,26,16,40,18,7,5,11,44,25,10,4,42,0,46,26,25,18,38,r
24,01 - Jackson Heights - Queens 1,2022-02-25,14,39,26,13,16,28,24,27,30,6,42,24,0,18,11,24,22,31,n
25,01 - Jackson Heights - Queens 1,2022-02-26,13,25,4,2,38,9,31,31,31,19,12,38,33,26,38,46,18,25,m
26,01 - Jackson Heights - Queens 1,2022-02-27,23,33,39,42,19,47,30,9,44,2,22,21,24,6,12,5,39,10,y
27,01 - Jackson Heights - Queens 1,2022-02-28,0,0,26,26,8,40,15,3,46,19,23,7,16,13,5,31,11,31,k
28,01 - Jackson Heights - Queens 1,2022-03-01,16,28,5,41,27,25,27,26,28,48,10,42,20,36,15,26,44,3,o
29,02 - Gates Avenue - Brooklyn 1,2022-02-01,22,21,27,18,36,23,5,14,27,4,19,20,1,37,33,30,42,32,v
30,02 - Gates Avenue - Brooklyn 1,2022-02-02,8,12,6,46,32,30,47,9,0,4,20,2,47,42,5,34,40,36,x
31,02 - Gates Avenue - Brooklyn 1,2022-02-03,36,45,25,26,24,9,31,3,22,29,41,41,20,10,15,22,10,5,z
32,02 - Gates Avenue - Brooklyn 1,2022-02-04,15,6,42,7,28,42,1,14,36,43,34,37,38,41,42,33,8,27,c
33,02 - Gates Avenue - Brooklyn 1,2022-02-05,48,44,25,44,11,15,41,46,12,12,10,22,13,31,40,23,12,40,g
34,02 - Gates Avenue - Brooklyn 1,2022-02-06,2,21,31,49,21,49,3,18,16,22,6,11,24,18,11,11,33,37,r
35,02 - Gates Avenue - Brooklyn 1,2022-02-07,11,44,27,41,22,37,28,6,14,26,49,34,42,39,28,26,45,21,o
36,02 - Gates Avenue - Brooklyn 1,2022-02-08,19,38,40,41,6,26,25,24,3,11,9,33,39,33,42,27,18,0,m
37,02 - Gates Avenue - Brooklyn 1,2022-02-09,20,35,47,36,46,26,5,22,16,29,22,48,36,19,28,5,15,18,u
38,02 - Gates Avenue - Brooklyn 1,2022-02-10,34,8,4,40,8,47,49,36,1,29,19,11,47,24,4,37,35,34,y
39,02 - Gates Avenue - Brooklyn 1,2022-02-11,16,18,38,38,8,40,18,45,40,49,15,16,29,27,37,19,12,24,l
40,02 - Gates Avenue - Brooklyn 1,2022-02-12,15,38,41,3,43,31,13,29,19,0,28,43,5,15,30,37,20,42,a
41,02 - Gates Avenue - Brooklyn 1,2022-02-13,31,34,22,3,10,30,19,29,29,21,40,28,30,30,24,41,13,3,w
42,02 - Gates Avenue - Brooklyn 1,2022-02-14,38,39,22,36,1,14,39,17,26,24,19,40,39,30,49,40,21,34,w
43,02 - Gates Avenue - Brooklyn 1,2022-02-15,3,0,22,46,12,43,40,36,45,35,35,38,33,27,24,0,5,26,p
44,02 - Gates Avenue - Brooklyn 1,2022-02-16,29,32,41,31,44,11,31,7,39,5,31,34,25,10,38,21,39,43,v
45,02 - Gates Avenue - Brooklyn 1,2022-02-17,5,28,40,2,23,32,29,16,23,9,16,49,2,17,6,21,38,23,a
46,02 - Gates Avenue - Brooklyn 1,2022-02-18,1,46,1,23,27,20,21,9,7,33,21,37,4,26,16,34,11,11,a
47,02 - Gates Avenue - Brooklyn 1,2022-02-19,14,11,29,16,17,31,42,24,35,9,34,35,12,17,48,21,17,48,r
48,02 - Gates Avenue - Brooklyn 1,2022-02-20,7,24,20,19,6,31,42,22,45,27,40,31,24,6,45,28,3,12,n
49,02 - Gates Avenue - Brooklyn 1,2022-02-21,34,19,1,7,0,23,6,47,5,39,1,1,24,8,7,37,15,39,c
50,02 - Gates Avenue - Brooklyn 1,2022-02-22,0,29,23,40,4,42,39,19,13,44,38,38,34,3,47,29,30,28,b
51,02 - Gates Avenue - Brooklyn 1,2022-02-23,23,24,19,26,31,47,41,30,28,29,45,39,21,34,8,24,47,44,o
52,02 - Gates Avenue - Brooklyn 1,2022-02-24,26,16,40,18,7,5,11,44,25,10,4,42,0,46,26,25,18,38,r
53,02 - Gates Avenue - Brooklyn 1,2022-02-25,14,39,26,13,16,28,24,27,30,6,42,24,0,18,11,24,22,31,n
54,02 - Gates Avenue - Brooklyn 1,2022-02-26,13,25,4,2,38,9,31,31,31,19,12,38,33,26,38,46,18,25,m
55,02 - Gates Avenue - Brooklyn 1,2022-02-27,23,33,39,42,19,47,30,9,44,2,22,21,24,6,12,5,39,10,y
56,02 - Gates Avenue - Brooklyn 1,2022-02-28,0,0,26,26,8,40,15,3,46,19,23,7,16,13,5,31,11,31,k
57,02 - Gates Avenue - Brooklyn 1,2022-03-01,16,28,5,41,27,25,27,26,28,48,10,42,20,36,15,26,44,3,o
58,03 - South Omaha - Omaha,2022-02-01,22,21,27,18,36,23,5,14,27,4,19,20,1,37,33,30,42,32,v
59,03 - South Omaha - Omaha,2022-02-02,8,12,6,46,32,30,47,9,0,4,20,2,47,42,5,34,40,36,x
60,03 - South Omaha - Omaha,2022-02-03,36,45,25,26,24,9,31,3,22,29,41,41,20,10,15,22,10,5,z
61,03 - South Omaha - Omaha,2022-02-04,15,6,42,7,28,42,1,14,36,43,34,37,38,41,42,33,8,27,c
62,03 - South Omaha - Omaha,2022-02-05,48,44,25,44,11,15,41,46,12,12,10,22,13,31,40,23,12,40,g
63,03 - South Omaha - Omaha,2022-02-06,2,21,31,49,21,49,3,18,16,22,6,11,24,18,11,11,33,37,r
64,03 - South Omaha - Omaha,2022-02-07,11,44,27,41,22,37,28,6,14,26,49,34,42,39,28,26,45,21,o
65,03 - South Omaha - Omaha,2022-02-08,19,38,40,41,6,26,25,24,3,11,9,33,39,33,42,27,18,0,m
66,03 - South Omaha - Omaha,2022-02-09,20,35,47,36,46,26,5,22,16,29,22,48,36,19,28,5,15,18,u
67,03 - South Omaha - Omaha,2022-02-10,34,8,4,40,8,47,49,36,1,29,19,11,47,24,4,37,35,34,y
68,03 - South Omaha - Omaha,2022-02-11,16,18,38,38,8,40,18,45,40,49,15,16,29,27,37,19,12,24,l
69,03 - South Omaha - Omaha,2022-02-12,15,38,41,3,43,31,13,29,19,0,28,43,5,15,30,37,20,42,a
70,03 - South Omaha - Omaha,2022-02-13,31,34,22,3,10,30,19,29,29,21,40,28,30,30,24,41,13,3,w
71,03 - South Omaha - Omaha,2022-02-14,38,39,22,36,1,14,39,17,26,24,19,40,39,30,49,40,21,34,w
72,03 - South Omaha - Omaha,2022-02-15,3,0,22,46,12,43,40,36,45,35,35,38,33,27,24,0,5,26,p
73,03 - South Omaha - Omaha,2022-02-16,29,32,41,31,44,11,31,7,39,5,31,34,25,10,38,21,39,43,v
74,03 - South Omaha - Omaha,2022-02-17,5,28,40,2,23,32,29,16,23,9,16,49,2,17,6,21,38,23,a
75,03 - South Omaha - Omaha,2022-02-18,1,46,1,23,27,20,21,9,7,33,21,37,4,26,16,34,11,11,a
76,03 - South Omaha - Omaha,2022-02-19,14,11,29,16,17,31,42,24,35,9,34,35,12,17,48,21,17,48,r
77,03 - South Omaha - Omaha,2022-02-20,7,24,20,19,6,31,42,22,45,27,40,31,24,6,45,28,3,12,n
78,03 - South Omaha - Omaha,2022-02-21,34,19,1,7,0,23,6,47,5,39,1,1,24,8,7,37,15,39,c
79,03 - South Omaha - Omaha,2022-02-22,0,29,23,40,4,42,39,19,13,44,38,38,34,3,47,29,30,28,b
80,03 - South Omaha - Omaha,2022-02-23,23,24,19,26,31,47,41,30,28,29,45,39,21,34,8,24,47,44,o
81,03 - South Omaha - Omaha,2022-02-24,26,16,40,18,7,5,11,44,25,10,4,42,0,46,26,25,18,38,r
82,03 - South Omaha - Omaha,2022-02-25,14,39,26,13,16,28,24,27,30,6,42,24,0,18,11,24,22,31,n
83,03 - South Omaha - Omaha,2022-02-26,13,25,4,2,38,9,31,31,31,19,12,38,33,26,38,46,18,25,m
84,03 - South Omaha - Omaha,2022-02-27,23,33,39,42,19,47,30,9,44,2,22,21,24,6,12,5,39,10,y
85,03 - South Omaha - Omaha,2022-02-28,0,0,26,26,8,40,15,3,46,19,23,7,16,13,5,31,11,31,k
86,03 - South Omaha - Omaha,2022-03-01,16,28,5,41,27,25,27,26,28,48,10,42,20,36,15,26,44,3,o
87,04 - Inwood - Manhattan 1,2022-02-01,22,21,27,18,36,23,5,14,27,4,19,20,1,37,33,30,42,32,v
88,04 - Inwood - Manhattan 1,2022-02-02,8,12,6,46,32,30,47,9,0,4,20,2,47,42,5,34,40,36,x
89,04 - Inwood - Manhattan 1,2022-02-03,36,45,25,26,24,9,31,3,22,29,41,41,20,10,15,22,10,5,z
90,04 - Inwood - Manhattan 1,2022-02-04,15,6,42,7,28,42,1,14,36,43,34,37,38,41,42,33,8,27,c
91,04 - Inwood - Manhattan 1,2022-02-05,48,44,25,44,11,15,41,46,12,12,10,22,13,31,40,23,12,40,g
92,04 - Inwood - Manhattan 1,2022-02-06,2,21,31,49,21,49,3,18,16,22,6,11,24,18,11,11,33,37,r
93,04 - Inwood - Manhattan 1,2022-02-07,11,44,27,41,22,37,28,6,14,26,49,34,42,39,28,26,45,21,o
94,04 - Inwood - Manhattan 1,2022-02-08,19,38,40,41,6,26,25,24,3,11,9,33,39,33,42,27,18,0,m
95,04 - Inwood - Manhattan 1,2022-02-09,20,35,47,36,46,26,5,22,16,29,22,48,36,19,28,5,15,18,u
96,04 - Inwood - Manhattan 1,2022-02-10,34,8,4,40,8,47,49,36,1,29,19,11,47,24,4,37,35,34,y
97,04 - Inwood - Manhattan 1,2022-02-11,16,18,38,38,8,40,18,45,40,49,15,16,29,27,37,19,12,24,l
98,04 - Inwood - Manhattan 1,2022-02-12,15,38,41,3,43,31,13,29,19,0,28,43,5,15,30,37,20,42,a
99,04 - Inwood - Manhattan 1,2022-02-13,31,34,22,3,10,30,19,29,29,21,40,28,30,30,24,41,13,3,w
100,04 - Inwood - Manhattan 1,2022-02-14,38,39,22,36,1,14,39,17,26,24,19,40,39,30,49,40,21,34,w
101,04 - Inwood - Manhattan 1,2022-02-15,3,0,22,46,12,43,40,36,45,35,35,38,33,27,24,0,5,26,p
102,04 - Inwood - Manhattan 1,2022-02-16,29,32,41,31,44,11,31,7,39,5,31,34,25,10,38,21,39,43,v
103,04 - Inwood - Manhattan 1,2022-02-17,5,28,40,2,23,32,29,16,23,9,16,49,2,17,6,21,38,23,a
104,04 - Inwood - Manhattan 1,2022-02-18,1,46,1,23,27,20,21,9,7,33,21,37,4,26,16,34,11,11,a
105,04 - Inwood - Manhattan 1,2022-02-19,14,11,29,16,17,31,42,24,35,9,34,35,12,17,48,21,17,48,r
106,04 - Inwood - Manhattan 1,2022-02-20,7,24,20,19,6,31,42,22,45,27,40,31,24,6,45,28,3,12,n
107,04 - Inwood - Manhattan 1,2022-02-21,34,19,1,7,0,23,6,47,5,39,1,1,24,8,7,37,15,39,c
108,04 - Inwood - Manhattan 1,2022-02-22,0,29,23,40,4,42,39,19,13,44,38,38,34,3,47,29,30,28,b
109,04 - Inwood - Manhattan 1,2022-02-23,23,24,19,26,31,47,41,30,28,29,45,39,21,34,8,24,47,44,o
110,04 - Inwood - Manhattan 1,2022-02-24,26,16,40,18,7,5,11,44,25,10,4,42,0,46,26,25,18,38,r
111,04 - Inwood - Manhattan 1,2022-02-25,14,39,26,13,16,28,24,27,30,6,42,24,0,18,11,24,22,31,n
112,04 - Inwood - Manhattan 1,2022-02-26,13,25,4,2,38,9,31,31,31,19,12,38,33,26,38,46,18,25,m
113,04 - Inwood - Manhattan 1,2022-02-27,23,33,39,42,19,47,30,9,44,2,22,21,24,6,12,5,39,10,y
114,04 - Inwood - Manhattan 1,2022-02-28,0,0,26,26,8,40,15,3,46,19,23,7,16,13,5,31,11,31,k
115,04 - Inwood - Manhattan 1,2022-03-01,16,28,5,41,27,25,27,26,28,48,10,42,20,36,15,26,44,3,o
116,05 - South Bronx - Bronx,2022-02-01,22,21,27,18,36,23,5,14,27,4,19,20,1,37,33,30,42,32,v
117,05 - South Bronx - Bronx,2022-02-02,8,12,6,46,32,30,47,9,0,4,20,2,47,42,5,34,40,36,x
118,05 - South Bronx - Bronx,2022-02-03,36,45,25,26,24,9,31,3,22,29,41,41,20,10,15,22,10,5,z
119,05 - South Bronx - Bronx,2022-02-04,15,6,42,7,28,42,1,14,36,43,34,37,38,41,42,33,8,27,c
120,05 - South Bronx - Bronx,2022-02-05,48,44,25,44,11,15,41,46,12,12,10,22,13,31,40,23,12,40,g
121,05 - South Bronx - Bronx,2022-02-06,2,21,31,49,21,49,3,18,16,22,6,11,24,18,11,11,33,37,r
122,05 - South Bronx - Bronx,2022-02-07,11,44,27,41,22,37,28,6,14,26,49,34,42,39,28,26,45,21,o
123,05 - South Bronx - Bronx,2022-02-08,19,38,40,41,6,26,25,24,3,11,9,33,39,33,42,27,18,0,m
124,05 - South Bronx - Bronx,2022-02-09,20,35,47,36,46,26,5,22,16,29,22,48,36,19,28,5,15,18,u
125,05 - South Bronx - Bronx,2022-02-10,34,8,4,40,8,47,49,36,1,29,19,11,47,24,4,37,35,34,y
126,05 - South Bronx - Bronx,2022-02-11,16,18,38,38,8,40,18,45,40,49,15,16,29,27,37,19,12,24,l
127,05 - South Bronx - Bronx,2022-02-12,15,38,41,3,43,31,13,29,19,0,28,43,5,15,30,37,20,42,a
128,05 - South Bronx - Bronx,2022-02-13,31,34,22,3,10,30,19,29,29,21,40,28,30,30,24,41,13,3,w
129,05 - South Bronx - Bronx,2022-02-14,38,39,22,36,1,14,39,17,26,24,19,40,39,30,49,40,21,34,w
130,05 - South Bronx - Bronx,2022-02-15,3,0,22,46,12,43,40,36,45,35,35,38,33,27,24,0,5,26,p
131,05 - South Bronx - Bronx,2022-02-16,29,32,41,31,44,11,31,7,39,5,31,34,25,10,38,21,39,43,v
132,05 - South Bronx - Bronx,2022-02-17,5,28,40,2,23,32,29,16,23,9,16,49,2,17,6,21,38,23,a
133,05 - South Bronx - Bronx,2022-02-18,1,46,1,23,27,20,21,9,7,33,21,37,4,26,16,34,11,11,a
134,05 - South Bronx - Bronx,2022-02-19,14,11,29,16,17,31,42,24,35,9,34,35,12,17,48,21,17,48,r
135,05 - South Bronx - Bronx,2022-02-20,7,24,20,19,6,31,42,22,45,27,40,31,24,6,45,28,3,12,n
136,05 - South Bronx - Bronx,2022-02-21,34,19,1,7,0,23,6,47,5,39,1,1,24,8,7,37,15,39,c
137,05 - South Bronx - Bronx,2022-02-22,0,29,23,40,4,42,39,19,13,44,38,38,34,3,47,29,30,28,b
138,05 - South Bronx - Bronx,2022-02-23,23,24,19,26,31,47,41,30,28,29,45,39,21,34,8,24,47,44,o
139,05 - South Bronx - Bronx,2022-02-24,26,16,40,18,7,5,11,44,25,10,4,42,0,46,26,25,18,38,r
140,05 - South Bronx - Bronx,2022-02-25,14,39,26,13,16,28,24,27,30,6,42,24,0,18,11,24,22,31,n
141,05 - South Bronx - Bronx,2022-02-26,13,25,4,2,38,9,31,31,31,19,12,38,33,26,38,46,18,25,m
142,05 - South Bronx - Bronx,2022-02-27,23,33,39,42,19,47,30,9,44,2,22,21,24,6,12,5,39,10,y
143,05 - South Bronx - Bronx,2022-02-28,0,0,26,26,8,40,15,3,46,19,23,7,16,13,5,31,11,31,k
144,05 - South Bronx - Bronx,2022-03-01,16,28,5,41,27,25,27,26,28,48,10,42,20,36,15,26,44,3,o
145,06 - Indianapolis - Indiana,2022-02-01,22,21,27,18,36,23,5,14,27,4,19,20,1,37,33,30,42,32,v
146,06 - Indianapolis - Indiana,2022-02-02,8,12,6,46,32,30,47,9,0,4,20,2,47,42,5,34,40,36,x
147,06 - Indianapolis - Indiana,2022-02-03,36,45,25,26,24,9,31,3,22,29,41,41,20,10,15,22,10,5,z
148,06 - Indianapolis - Indiana,2022-02-04,15,6,42,7,28,42,1,14,36,43,34,37,38,41,42,33,8,27,c
149,06 - Indianapolis - Indiana,2022-02-05,48,44,25,44,11,15,41,46,12,12,10,22,13,31,40,23,12,40,g
150,06 - Indianapolis - Indiana,2022-02-06,2,21,31,49,21,49,3,18,16,22,6,11,24,18,11,11,33,37,r
151,06 - Indianapolis - Indiana,2022-02-07,11,44,27,41,22,37,28,6,14,26,49,34,42,39,28,26,45,21,o
152,06 - Indianapolis - Indiana,2022-02-08,19,38,40,41,6,26,25,24,3,11,9,33,39,33,42,27,18,0,m
153,06 - Indianapolis - Indiana,2022-02-09,20,35,47,36,46,26,5,22,16,29,22,48,36,19,28,5,15,18,u
154,06 - Indianapolis - Indiana,2022-02-10,34,8,4,40,8,47,49,36,1,29,19,11,47,24,4,37,35,34,y
155,06 - Indianapolis - Indiana,2022-02-11,16,18,38,38,8,40,18,45,40,49,15,16,29,27,37,19,12,24,l
156,06 - Indianapolis - Indiana,2022-02-12,15,38,41,3,43,31,13,29,19,0,28,43,5,15,30,37,20,42,a
157,06 - Indianapolis - Indiana,2022-02-13,31,34,22,3,10,30,19,29,29,21,40,28,30,30,24,41,13,3,w
158,06 - Indianapolis - Indiana,2022-02-14,38,39,22,36,1,14,39,17,26,24,19,40,39,30,49,40,21,34,w
159,06 - Indianapolis - Indiana,2022-02-15,3,0,22,46,12,43,40,36,45,35,35,38,33,27,24,0,5,26,p
160,06 - Indianapolis - Indiana,2022-02-16,29,32,41,31,44,11,31,7,39,5,31,34,25,10,38,21,39,43,v
161,06 - Indianapolis - Indiana,2022-02-17,5,28,40,2,23,32,29,16,23,9,16,49,2,17,6,21,38,23,a
162,06 - Indianapolis - Indiana,2022-02-18,1,46,1,23,27,20,21,9,7,33,21,37,4,26,16,34,11,11,a
163,06 - Indianapolis - Indiana,2022-02-19,14,11,29,16,17,31,42,24,35,9,34,35,12,17,48,21,17,48,r
164,06 - Indianapolis - Indiana,2022-02-20,7,24,20,19,6,31,42,22,45,27,40,31,24,6,45,28,3,12,n
165,06 - Indianapolis - Indiana,2022-02-21,34,19,1,7,0,23,6,47,5,39,1,1,24,8,7,37,15,39,c
166,06 - Indianapolis - Indiana,2022-02-22,0,29,23,40,4,42,39,19,13,44,38,38,34,3,47,29,30,28,b
167,06 - Indianapolis - Indiana,2022-02-23,23,24,19,26,31,47,41,30,28,29,45,39,21,34,8,24,47,44,o
168,06 - Indianapolis - Indiana,2022-02-24,26,16,40,18,7,5,11,44,25,10,4,42,0,46,26,25,18,38,r
169,06 - Indianapolis - Indiana,2022-02-25,14,39,26,13,16,28,24,27,30,6,42,24,0,18,11,24,22,31,n
170,06 - Indianapolis - Indiana,2022-02-26,13,25,4,2,38,9,31,31,31,19,12,38,33,26,38,46,18,25,m
171,06 - Indianapolis - Indiana,2022-02-27,23,33,39,42,19,47,30,9,44,2,22,21,24,6,12,5,39,10,y
172,06 - Indianapolis - Indiana,2022-02-28,0,0,26,26,8,40,15,3,46,19,23,7,16,13,5,31,11,31,k
173,06 - Indianapolis - Indiana,2022-03-01,16,28,5,41,27,25,27,26,28,48,10,42,20,36,15,26,44,3,o
174,07 - Oakland - SF Bay Area 1,2022-02-01,22,21,27,18,36,23,5,14,27,4,19,20,1,37,33,30,42,32,v
175,07 - Oakland - SF Bay Area 1,2022-02-02,8,12,6,46,32,30,47,9,0,4,20,2,47,42,5,34,40,36,x
176,07 - Oakland - SF Bay Area 1,2022-02-03,36,45,25,26,24,9,31,3,22,29,41,41,20,10,15,22,10,5,z
177,07 - Oakland - SF Bay Area 1,2022-02-04,15,6,42,7,28,42,1,14,36,43,34,37,38,41,42,33,8,27,c
178,07 - Oakland - SF Bay Area 1,2022-02-05,48,44,25,44,11,15,41,46,12,12,10,22,13,31,40,23,12,40,g
179,07 - Oakland - SF Bay Area 1,2022-02-06,2,21,31,49,21,49,3,18,16,22,6,11,24,18,11,11,33,37,r
180,07 - Oakland - SF Bay Area 1,2022-02-07,11,44,27,41,22,37,28,6,14,26,49,34,42,39,28,26,45,21,o
181,07 - Oakland - SF Bay Area 1,2022-02-08,19,38,40,41,6,26,25,24,3,11,9,33,39,33,42,27,18,0,m
182,07 - Oakland - SF Bay Area 1,2022-02-09,20,35,47,36,46,26,5,22,16,29,22,48,36,19,28,5,15,18,u
183,07 - Oakland - SF Bay Area 1,2022-02-10,34,8,4,40,8,47,49,36,1,29,19,11,47,24,4,37,35,34,y
184,07 - Oakland - SF Bay Area 1,2022-02-11,16,18,38,38,8,40,18,45,40,49,15,16,29,27,37,19,12,24,l
185,07 - Oakland - SF Bay Area 1,2022-02-12,15,38,41,3,43,31,13,29,19,0,28,43,5,15,30,37,20,42,a
186,07 - Oakland - SF Bay Area 1,2022-02-13,31,34,22,3,10,30,19,29,29,21,40,28,30,30,24,41,13,3,w
187,07 - Oakland - SF Bay Area 1,2022-02-14,38,39,22,36,1,14,39,17,26,24,19,40,39,30,49,40,21,34,w
188,07 - Oakland - SF Bay Area 1,2022-02-15,3,0,22,46,12,43,40,36,45,35,35,38,33,27,24,0,5,26,p
189,07 - Oakland - SF Bay Area 1,2022-02-16,29,32,41,31,44,11,31,7,39,5,31,34,25,10,38,21,39,43,v
190,07 - Oakland - SF Bay Area 1,2022-02-17,5,28,40,2,23,32,29,16,23,9,16,49,2,17,6,21,38,23,a
191,07 - Oakland - SF Bay Area 1,2022-02-18,1,46,1,23,27,20,21,9,7,33,21,37,4,26,16,34,11,11,a
192,07 - Oakland - SF Bay Area 1,2022-02-19,14,11,29,16,17,31,42,24,35,9,34,35,12,17,48,21,17,48,r
193,07 - Oakland - SF Bay Area 1,2022-02-20,7,24,20,19,6,31,42,22,45,27,40,31,24,6,45,28,3,12,n
194,07 - Oakland - SF Bay Area 1,2022-02-21,34,19,1,7,0,23,6,47,5,39,1,1,24,8,7,37,15,39,c
195,07 - Oakland - SF Bay Area 1,2022-02-22,0,29,23,40,4,42,39,19,13,44,38,38,34,3,47,29,30,28,b
196,07 - Oakland - SF Bay Area 1,2022-02-23,23,24,19,26,31,47,41,30,28,29,45,39,21,34,8,24,47,44,o
197,07 - Oakland - SF Bay Area 1,2022-02-24,26,16,40,18,7,5,11,44,25,10,4,42,0,46,26,25,18,38,r
198,07 - Oakland - SF Bay Area 1,2022-02-25,14,39,26,13,16,28,24,27,30,6,42,24,0,18,11,24,22,31,n
199,07 - Oakland - SF Bay Area 1,2022-02-26,13,25,4,2,38,9,31,31,31,19,12,38,33,26,38,46,18,25,m
200,07 - Oakland - SF Bay Area 1,2022-02-27,23,33,39,42,19,47,30,9,44,2,22,21,24,6,12,5,39,10,y
201,07 - Oakland - SF Bay Area 1,2022-02-28,0,0,26,26,8,40,15,3,46,19,23,7,16,13,5,31,11,31,k
202,07 - Oakland - SF Bay Area 1,2022-03-01,16,28,5,41,27,25,27,26,28,48,10,42,20,36,15,26,44,3,o
203,08 - Jamaica/LIC - Queens 2,2022-02-01,22,21,27,18,36,23,5,14,27,4,19,20,1,37,33,30,42,32,v
204,08 - Jamaica/LIC - Queens 2,2022-02-02,8,12,6,46,32,30,47,9,0,4,20,2,47,42,5,34,40,36,x
205,08 - Jamaica/LIC - Queens 2,2022-02-03,36,45,25,26,24,9,31,3,22,29,41,41,20,10,15,22,10,5,z
206,08 - Jamaica/LIC - Queens 2,2022-02-04,15,6,42,7,28,42,1,14,36,43,34,37,38,41,42,33,8,27,c
207,08 - Jamaica/LIC - Queens 2,2022-02-05,48,44,25,44,11,15,41,46,12,12,10,22,13,31,40,23,12,40,g
208,08 - Jamaica/LIC - Queens 2,2022-02-06,2,21,31,49,21,49,3,18,16,22,6,11,24,18,11,11,33,37,r
209,08 - Jamaica/LIC - Queens 2,2022-02-07,11,44,27,41,22,37,28,6,14,26,49,34,42,39,28,26,45,21,o
210,08 - Jamaica/LIC - Queens 2,2022-02-08,19,38,40,41,6,26,25,24,3,11,9,33,39,33,42,27,18,0,m
211,08 - Jamaica/LIC - Queens 2,2022-02-09,20,35,47,36,46,26,5,22,16,29,22,48,36,19,28,5,15,18,u
212,08 - Jamaica/LIC - Queens 2,2022-02-10,34,8,4,40,8,47,49,36,1,29,19,11,47,24,4,37,35,34,y
213,08 - Jamaica/LIC - Queens 2,2022-02-11,16,18,38,38,8,40,18,45,40,49,15,16,29,27,37,19,12,24,l
214,08 - Jamaica/LIC - Queens 2,2022-02-12,15,38,41,3,43,31,13,29,19,0,28,43,5,15,30,37,20,42,a
215,08 - Jamaica/LIC - Queens 2,2022-02-13,31,34,22,3,10,30,19,29,29,21,40,28,30,30,24,41,13,3,w
216,08 - Jamaica/LIC - Queens 2,2022-02-14,38,39,22,36,1,14,39,17,26,24,19,40,39,30,49,40,21,34,w
217,08 - Jamaica/LIC - Queens 2,2022-02-15,3,0,22,46,12,43,40,36,45,35,35,38,33,27,24,0,5,26,p
218,08 - Jamaica/LIC - Queens 2,2022-02-16,29,32,41,31,44,11,31,7,39,5,31,34,25,10,38,21,39,43,v
219,08 - Jamaica/LIC - Queens 2,2022-02-17,5,28,40,2,23,32,29,16,23,9,16,49,2,17,6,21,38,23,a
220,08 - Jamaica/LIC - Queens 2,2022-02-18,1,46,1,23,27,20,21,9,7,33,21,37,4,26,16,34,11,11,a
221,08 - Jamaica/LIC - Queens 2,2022-02-19,14,11,29,16,17,31,42,24,35,9,34,35,12,17,48,21,17,48,r
222,08 - Jamaica/LIC - Queens 2,2022-02-20,7,24,20,19,6,31,42,22,45,27,40,31,24,6,45,28,3,12,n
223,08 - Jamaica/LIC - Queens 2,2022-02-21,34,19,1,7,0,23,6,47,5,39,1,1,24,8,7,37,15,39,c
224,08 - Jamaica/LIC - Queens 2,2022-02-22,0,29,23,40,4,42,39,19,13,44,38,38,34,3,47,29,30,28,b
225,08 - Jamaica/LIC - Queens 2,2022-02-23,23,24,19,26,31,47,41,30,28,29,45,39,21,34,8,24,47,44,o
226,08 - Jamaica/LIC - Queens 2,2022-02-24,26,16,40,18,7,5,11,44,25,10,4,42,0,46,26,25,18,38,r
227,08 - Jamaica/LIC - Queens 2,2022-02-25,14,39,26,13,16,28,24,27,30,6,42,24,0,18,11,24,22,31,n
228,08 - Jamaica/LIC - Queens 2,2022-02-26,13,25,4,2,38,9,31,31,31,19,12,38,33,26,38,46,18,25,m
229,08 - Jamaica/LIC - Queens 2,2022-02-27,23,33,39,42,19,47,30,9,44,2,22,21,24,6,12,5,39,10,y
230,08 - Jamaica/LIC - Queens 2,2022-02-28,0,0,26,26,8,40,15,3,46,19,23,7,16,13,5,31,11,31,k
231,08 - Jamaica/LIC - Queens 2,2022-03-01,16,28,5,41,27,25,27,26,28,48,10,42,20,36,15,26,44,3,o
232,09 - Sunset Park - Brooklyn 2,2022-02-01,22,21,27,18,36,23,5,14,27,4,19,20,1,37,33,30,42,32,v
233,09 - Sunset Park - Brooklyn 2,2022-02-02,8,12,6,46,32,30,47,9,0,4,20,2,47,42,5,34,40,36,x
234,09 - Sunset Park - Brooklyn 2,2022-02-03,36,45,25,26,24,9,31,3,22,29,41,41,20,10,15,22,10,5,z
235,09 - Sunset Park - Brooklyn 2,2022-02-04,15,6,42,7,28,42,1,14,36,43,34,37,38,41,42,33,8,27,c
236,09 - Sunset Park - Brooklyn 2,2022-02-05,48,44,25,44,11,15,41,46,12,12,10,22,13,31,40,23,12,40,g
237,09 - Sunset Park - Brooklyn 2,2022-02-06,2,21,31,49,21,49,3,18,16,22,6,11,24,18,11,11,33,37,r
238,09 - Sunset Park - Brooklyn 2,2022-02-07,11,44,27,41,22,37,28,6,14,26,49,34,42,39,28,26,45,21,o
239,09 - Sunset Park - Brooklyn 2,2022-02-08,19,38,40,41,6,26,25,24,3,11,9,33,39,33,42,27,18,0,m
240,09 - Sunset Park - Brooklyn 2,2022-02-09,20,35,47,36,46,26,5,22,16,29,22,48,36,19,28,5,15,18,u
241,09 - Sunset Park - Brooklyn 2,2022-02-10,34,8,4,40,8,47,49,36,1,29,19,11,47,24,4,37,35,34,y
242,09 - Sunset Park - Brooklyn 2,2022-02-11,16,18,38,38,8,40,18,45,40,49,15,16,29,27,37,19,12,24,l
243,09 - Sunset Park - Brooklyn 2,2022-02-12,15,38,41,3,43,31,13,29,19,0,28,43,5,15,30,37,20,42,a
244,09 - Sunset Park - Brooklyn 2,2022-02-13,31,34,22,3,10,30,19,29,29,21,40,28,30,30,24,41,13,3,w
245,09 - Sunset Park - Brooklyn 2,2022-02-14,38,39,22,36,1,14,39,17,26,24,19,40,39,30,49,40,21,34,w
246,09 - Sunset Park - Brooklyn 2,2022-02-15,3,0,22,46,12,43,40,36,45,35,35,38,33,27,24,0,5,26,p
247,09 - Sunset Park - Brooklyn 2,2022-02-16,29,32,41,31,44,11,31,7,39,5,31,34,25,10,38,21,39,43,v
248,09 - Sunset Park - Brooklyn 2,2022-02-17,5,28,40,2,23,32,29,16,23,9,16,49,2,17,6,21,38,23,a
249,09 - Sunset Park - Brooklyn 2,2022-02-18,1,46,1,23,27,20,21,9,7,33,21,37,4,26,16,34,11,11,a
250,09 - Sunset Park - Brooklyn 2,2022-02-19,14,11,29,16,17,31,42,24,35,9,34,35,12,17,48,21,17,48,r
251,09 - Sunset Park - Brooklyn 2,2022-02-20,7,24,20,19,6,31,42,22,45,27,40,31,24,6,45,28,3,12,n
252,09 - Sunset Park - Brooklyn 2,2022-02-21,34,19,1,7,0,23,6,47,5,39,1,1,24,8,7,37,15,39,c
253,09 - Sunset Park - Brooklyn 2,2022-02-22,0,29,23,40,4,42,39,19,13,44,38,38,34,3,47,29,30,28,b
254,09 - Sunset Park - Brooklyn 2,2022-02-23,23,24,19,26,31,47,41,30,28,29,45,39,21,34,8,24,47,44,o
255,09 - Sunset Park - Brooklyn 2,2022-02-24,26,16,40,18,7,5,11,44,25,10,4,42,0,46,26,25,18,38,r
256,09 - Sunset Park - Brooklyn 2,2022-02-25,14,39,26,13,16,28,24,27,30,6,42,24,0,18,11,24,22,31,n
257,09 - Sunset Park - Brooklyn 2,2022-02-26,13,25,4,2,38,9,31,31,31,19,12,38,33,26,38,46,18,25,m
258,09 - Sunset Park - Brooklyn 2,2022-02-27,23,33,39,42,19,47,30,9,44,2,22,21,24,6,12,5,39,10,y
259,09 - Sunset Park - Brooklyn 2,2022-02-28,0,0,26,26,8,40,15,3,46,19,23,7,16,13,5,31,11,31,k
260,09 - Sunset Park - Brooklyn 2,2022-03-01,16,28,5,41,27,25,27,26,28,48,10,42,20,36,15,26,44,3,o
261,10 - Boyle Heights - Los Angeles 1,2022-02-01,22,21,27,18,36,23,5,14,27,4,19,20,1,37,33,30,42,32,v
262,10 - Boyle Heights - Los Angeles 1,2022-02-02,8,12,6,46,32,30,47,9,0,4,20,2,47,42,5,34,40,36,x
263,10 - Boyle Heights - Los Angeles 1,2022-02-03,36,45,25,26,24,9,31,3,22,29,41,41,20,10,15,22,10,5,z
264,10 - Boyle Heights - Los Angeles 1,2022-02-04,15,6,42,7,28,42,1,14,36,43,34,37,38,41,42,33,8,27,c
265,10 - Boyle Heights - Los Angeles 1,2022-02-05,48,44,25,44,11,15,41,46,12,12,10,22,13,31,40,23,12,40,g
266,10 - Boyle Heights - Los Angeles 1,2022-02-06,2,21,31,49,21,49,3,18,16,22,6,11,24,18,11,11,33,37,r
267,10 - Boyle Heights - Los Angeles 1,2022-02-07,11,44,27,41,22,37,28,6,14,26,49,34,42,39,28,26,45,21,o
268,10 - Boyle Heights - Los Angeles 1,2022-02-08,19,38,40,41,6,26,25,24,3,11,9,33,39,33,42,27,18,0,m
269,10 - Boyle Heights - Los Angeles 1,2022-02-09,20,35,47,36,46,26,5,22,16,29,22,48,36,19,28,5,15,18,u
270,10 - Boyle Heights - Los Angeles 1,2022-02-10,34,8,4,40,8,47,49,36,1,29,19,11,47,24,4,37,35,34,y
271,10 - Boyle Heights - Los Angeles 1,2022-02-11,16,18,38,38,8,40,18,45,40,49,15,16,29,27,37,19,12,24,l
272,10 - Boyle Heights - Los Angeles 1,2022-02-12,15,38,41,3,43,31,13,29,19,0,28,43,5,15,30,37,20,42,a
273,10 - Boyle Heights - Los Angeles 1,2022-02-13,31,34,22,3,10,30,19,29,29,21,40,28,30,30,24,41,13,3,w
274,10 - Boyle Heights - Los Angeles 1,2022-02-14,38,39,22,36,1,14,39,17,26,24,19,40,39,30,49,40,21,34,w
275,10 - Boyle Heights - Los Angeles 1,2022-02-15,3,0,22,46,12,43,40,36,45,35,35,38,33,27,24,0,5,26,p
276,10 - Boyle Heights - Los Angeles 1,2022-02-16,29,32,41,31,44,11,31,7,39,5,31,34,25,10,38,21,39,43,v
277,10 - Boyle Heights - Los Angeles 1,2022-02-17,5,28,40,2,23,32,29,16,23,9,16,49,2,17,6,21,38,23,a
278,10 - Boyle Heights - Los Angeles 1,2022-02-18,1,46,1,23,27,20,21,9,7,33,21,37,4,26,16,34,11,11,a
279,10 - Boyle Heights - Los Angeles 1,2022-02-19,14,11,29,16,17,31,42,24,35,9,34,35,12,17,48,21,17,48,r
280,10 - Boyle Heights - Los Angeles 1,2022-02-20,7,24,20,19,6,31,42,22,45,27,40,31,24,6,45,28,3,12,n
281,10 - Boyle Heights - Los Angeles 1,2022-02-21,34,19,1,7,0,23,6,47,5,39,1,1,24,8,7,37,15,39,c
282,10 - Boyle Heights - Los Angeles 1,2022-02-22,0,29,23,40,4,42,39,19,13,44,38,38,34,3,47,29,30,28,b
283,10 - Boyle Heights - Los Angeles 1,2022-02-23,23,24,19,26,31,47,41,30,28,29,45,39,21,34,8,24,47,44,o
284,10 - Boyle Heights - Los Angeles 1,2022-02-24,26,16,40,18,7,5,11,44,25,10,4,42,0,46,26,25,18,38,r
285,10 - Boyle Heights - Los Angeles 1,2022-02-25,14,39,26,13,16,28,24,27,30,6,42,24,0,18,11,24,22,31,n
286,10 - Boyle Heights - Los Angeles 1,2022-02-26,13,25,4,2,38,9,31,31,31,19,12,38,33,26,38,46,18,25,m
287,10 - Boyle Heights - Los Angeles 1,2022-02-27,23,33,39,42,19,47,30,9,44,2,22,21,24,6,12,5,39,10,y
288,10 - Boyle Heights - Los Angeles 1,2022-02-28,0,0,26,26,8,40,15,3,46,19,23,7,16,13,5,31,11,31,k
289,10 - Boyle Heights - Los Angeles 1,2022-03-01,16,28,5,41,27,25,27,26,28,48,10,42,20,36,15,26,44,3,o
290,1001 - Newark BAI - New Jersey 3,2022-02-01,22,21,27,18,36,23,5,14,27,4,19,20,1,37,33,30,42,32,v
291,1001 - Newark BAI - New Jersey 3,2022-02-02,8,12,6,46,32,30,47,9,0,4,20,2,47,42,5,34,40,36,x
292,1001 - Newark BAI - New Jersey 3,2022-02-03,36,45,25,26,24,9,31,3,22,29,41,41,20,10,15,22,10,5,z
293,1001 - Newark BAI - New Jersey 3,2022-02-04,15,6,42,7,28,42,1,14,36,43,34,37,38,41,42,33,8,27,c
294,1001 - Newark BAI - New Jersey 3,2022-02-05,48,44,25,44,11,15,41,46,12,12,10,22,13,31,40,23,12,40,g
295,1001 - Newark BAI - New Jersey 3,2022-02-06,2,21,31,49,21,49,3,18,16,22,6,11,24,18,11,11,33,37,r
296,1001 - Newark BAI - New Jersey 3,2022-02-07,11,44,27,41,22,37,28,6,14,26,49,34,42,39,28,26,45,21,o
297,1001 - Newark BAI - New Jersey 3,2022-02-08,19,38,40,41,6,26,25,24,3,11,9,33,39,33,42,27,18,0,m
298,1001 - Newark BAI - New Jersey 3,2022-02-09,20,35,47,36,46,26,5,22,16,29,22,48,36,19,28,5,15,18,u
299,1001 - Newark BAI - New Jersey 3,2022-02-10,34,8,4,40,8,47,49,36,1,29,19,11,47,24,4,37,35,34,y
300,1001 - Newark BAI - New Jersey 3,2022-02-11,16,18,38,38,8,40,18,45,40,49,15,16,29,27,37,19,12,24,l
301,1001 - Newark BAI - New Jersey 3,2022-02-12,15,38,41,3,43,31,13,29,19,0,28,43,5,15,30,37,20,42,a
302,1001 - Newark BAI - New Jersey 3,2022-02-13,31,34,22,3,10,30,19,29,29,21,40,28,30,30,24,41,13,3,w
303,1001 - Newark BAI - New Jersey 3,2022-02-14,38,39,22,36,1,14,39,17,26,24,19,40,39,30,49,40,21,34,w
304,1001 - Newark BAI - New Jersey 3,2022-02-15,3,0,22,46,12,43,40,36,45,35,35,38,33,27,24,0,5,26,p
305,1001 - Newark BAI - New Jersey 3,2022-02-16,29,32,41,31,44,11,31,7,39,5,31,34,25,10,38,21,39,43,v
306,1001 - Newark BAI - New Jersey 3,2022-02-17,5,28,40,2,23,32,29,16,23,9,16,49,2,17,6,21,38,23,a
307,1001 - Newark BAI - New Jersey 3,2022-02-18,1,46,1,23,27,20,21,9,7,33,21,37,4,26,16,34,11,11,a
308,1001 - Newark BAI - New Jersey 3,2022-02-19,14,11,29,16,17,31,42,24,35,9,34,35,12,17,48,21,17,48,r
309,1001 - Newark BAI - New Jersey 3,2022-02-20,7,24,20,19,6,31,42,22,45,27,40,31,24,6,45,28,3,12,n
310,1001 - Newark BAI - New Jersey 3,2022-02-21,34,19,1,7,0,23,6,47,5,39,1,1,24,8,7,37,15,39,c
311,1001 - Newark BAI - New Jersey 3,2022-02-22,0,29,23,40,4,42,39,19,13,44,38,38,34,3,47,29,30,28,b
312,1001 - Newark BAI - New Jersey 3,2022-02-23,23,24,19,26,31,47,41,30,28,29,45,39,21,34,8,24,47,44,o
313,1001 - Newark BAI - New Jersey 3,2022-02-24,26,16,40,18,7,5,11,44,25,10,4,42,0,46,26,25,18,38,r
314,1001 - Newark BAI - New Jersey 3,2022-02-25,14,39,26,13,16,28,24,27,30,6,42,24,0,18,11,24,22,31,n
315,1001 - Newark BAI - New Jersey 3,2022-02-26,13,25,4,2,38,9,31,31,31,19,12,38,33,26,38,46,18,25,m
316,1001 - Newark BAI - New Jersey 3,2022-02-27,23,33,39,42,19,47,30,9,44,2,22,21,24,6,12,5,39,10,y
317,1001 - Newark BAI - New Jersey 3,2022-02-28,0,0,26,26,8,40,15,3,46,19,23,7,16,13,5,31,11,31,k
318,1001 - Newark BAI - New Jersey 3,2022-03-01,16,28,5,41,27,25,27,26,28,48,10,42,20,36,15,26,44,3,o
319,11 - Charlotte - North Carolina,2022-02-01,22,21,27,18,36,23,5,14,27,4,19,20,1,37,33,30,42,32,v
320,11 - Charlotte - North Carolina,2022-02-02,8,12,6,46,32,30,47,9,0,4,20,2,47,42,5,34,40,36,x
321,11 - Charlotte - North Carolina,2022-02-03,36,45,25,26,24,9,31,3,22,29,41,41,20,10,15,22,10,5,z
322,11 - Charlotte - North Carolina,2022-02-04,15,6,42,7,28,42,1,14,36,43,34,37,38,41,42,33,8,27,c
323,11 - Charlotte - North Carolina,2022-02-05,48,44,25,44,11,15,41,46,12,12,10,22,13,31,40,23,12,40,g
324,11 - Charlotte - North Carolina,2022-02-06,2,21,31,49,21,49,3,18,16,22,6,11,24,18,11,11,33,37,r
325,11 - Charlotte - North Carolina,2022-02-07,11,44,27,41,22,37,28,6,14,26,49,34,42,39,28,26,45,21,o
326,11 - Charlotte - North Carolina,2022-02-08,19,38,40,41,6,26,25,24,3,11,9,33,39,33,42,27,18,0,m
327,11 - Charlotte - North Carolina,2022-02-09,20,35,47,36,46,26,5,22,16,29,22,48,36,19,28,5,15,18,u
328,11 - Charlotte - North Carolina,2022-02-10,34,8,4,40,8,47,49,36,1,29,19,11,47,24,4,37,35,34,y
329,11 - Charlotte - North Carolina,2022-02-11,16,18,38,38,8,40,18,45,40,49,15,16,29,27,37,19,12,24,l
330,11 - Charlotte - North Carolina,2022-02-12,15,38,41,3,43,31,13,29,19,0,28,43,5,15,30,37,20,42,a
331,11 - Charlotte - North Carolina,2022-02-13,31,34,22,3,10,30,19,29,29,21,40,28,30,30,24,41,13,3,w
332,11 - Charlotte - North Carolina,2022-02-14,38,39,22,36,1,14,39,17,26,24,19,40,39,30,49,40,21,34,w
333,11 - Charlotte - North Carolina,2022-02-15,3,0,22,46,12,43,40,36,45,35,35,38,33,27,24,0,5,26,p
334,11 - Charlotte - North Carolina,2022-02-16,29,32,41,31,44,11,31,7,39,5,31,34,25,10,38,21,39,43,v
335,11 - Charlotte - North Carolina,2022-02-17,5,28,40,2,23,32,29,16,23,9,16,49,2,17,6,21,38,23,a
336,11 - Charlotte - North Carolina,2022-02-18,1,46,1,23,27,20,21,9,7,33,21,37,4,26,16,34,11,11,a
337,11 - Charlotte - North Carolina,2022-02-19,14,11,29,16,17,31,42,24,35,9,34,35,12,17,48,21,17,48,r
338,11 - Charlotte - North Carolina,2022-02-20,7,24,20,19,6,31,42,22,45,27,40,31,24,6,45,28,3,12,n
339,11 - Charlotte - North Carolina,2022-02-21,34,19,1,7,0,23,6,47,5,39,1,1,24,8,7,37,15,39,c
340,11 - Charlotte - North Carolina,2022-02-22,0,29,23,40,4,42,39,19,13,44,38,38,34,3,47,29,30,28,b
341,11 - Charlotte - North Carolina,2022-02-23,23,24,19,26,31,47,41,30,28,29,45,39,21,34,8,24,47,44,o
342,11 - Charlotte - North Carolina,2022-02-24,26,16,40,18,7,5,11,44,25,10,4,42,0,46,26,25,18,38,r
343,11 - Charlotte - North Carolina,2022-02-25,14,39,26,13,16,28,24,27,30,6,42,24,0,18,11,24,22,31,n
344,11 - Charlotte - North Carolina,2022-02-26,13,25,4,2,38,9,31,31,31,19,12,38,33,26,38,46,18,25,m
345,11 - Charlotte - North Carolina,2022-02-27,23,33,39,42,19,47,30,9,44,2,22,21,24,6,12,5,39,10,y
346,11 - Charlotte - North Carolina,2022-02-28,0,0,26,26,8,40,15,3,46,19,23,7,16,13,5,31,11,31,k
347,11 - Charlotte - North Carolina,2022-03-01,16,28,5,41,27,25,27,26,28,48,10,42,20,36,15,26,44,3,o
348,12 - Pico Union - Los Angeles 2,2022-02-01,22,21,27,18,36,23,5,14,27,4,19,20,1,37,33,30,42,32,v
349,12 - Pico Union - Los Angeles 2,2022-02-02,8,12,6,46,32,30,47,9,0,4,20,2,47,42,5,34,40,36,x
350,12 - Pico Union - Los Angeles 2,2022-02-03,36,45,25,26,24,9,31,3,22,29,41,41,20,10,15,22,10,5,z
351,12 - Pico Union - Los Angeles 2,2022-02-04,15,6,42,7,28,42,1,14,36,43,34,37,38,41,42,33,8,27,c
352,12 - Pico Union - Los Angeles 2,2022-02-05,48,44,25,44,11,15,41,46,12,12,10,22,13,31,40,23,12,40,g
353,12 - Pico Union - Los Angeles 2,2022-02-06,2,21,31,49,21,49,3,18,16,22,6,11,24,18,11,11,33,37,r
354,12 - Pico Union - Los Angeles 2,2022-02-07,11,44,27,41,22,37,28,6,14,26,49,34,42,39,28,26,45,21,o
355,12 - Pico Union - Los Angeles 2,2022-02-08,19,38,40,41,6,26,25,24,3,11,9,33,39,33,42,27,18,0,m
356,12 - Pico Union - Los Angeles 2,2022-02-09,20,35,47,36,46,26,5,22,16,29,22,48,36,19,28,5,15,18,u
357,12 - Pico Union - Los Angeles 2,2022-02-10,34,8,4,40,8,47,49,36,1,29,19,11,47,24,4,37,35,34,y
358,12 - Pico Union - Los Angeles 2,2022-02-11,16,18,38,38,8,40,18,45,40,49,15,16,29,27,37,19,12,24,l
359,12 - Pico Union - Los Angeles 2,2022-02-12,15,38,41,3,43,31,13,29,19,0,28,43,5,15,30,37,20,42,a
360,12 - Pico Union - Los Angeles 2,2022-02-13,31,34,22,3,10,30,19,29,29,21,40,28,30,30,24,41,13,3,w
361,12 - Pico Union - Los Angeles 2,2022-02-14,38,39,22,36,1,14,39,17,26,24,19,40,39,30,49,40,21,34,w
362,12 - Pico Union - Los Angeles 2,2022-02-15,3,0,22,46,12,43,40,36,45,35,35,38,33,27,24,0,5,26,p
363,12 - Pico Union - Los Angeles 2,2022-02-16,29,32,41,31,44,11,31,7,39,5,31,34,25,10,38,21,39,43,v
364,12 - Pico Union - Los Angeles 2,2022-02-17,5,28,40,2,23,32,29,16,23,9,16,49,2,17,6,21,38,23,a
365,12 - Pico Union - Los Angeles 2,2022-02-18,1,46,1,23,27,20,21,9,7,33,21,37,4,26,16,34,11,11,a
366,12 - Pico Union - Los Angeles 2,2022-02-19,14,11,29,16,17,31,42,24,35,9,34,35,12,17,48,21,17,48,r
367,12 - Pico Union - Los Angeles 2,2022-02-20,7,24,20,19,6,31,42,22,45,27,40,31,24,6,45,28,3,12,n
368,12 - Pico Union - Los Angeles 2,2022-02-21,34,19,1,7,0,23,6,47,5,39,1,1,24,8,7,37,15,39,c
369,12 - Pico Union - Los Angeles 2,2022-02-22,0,29,23,40,4,42,39,19,13,44,38,38,34,3,47,29,30,28,b
370,12 - Pico Union - Los Angeles 2,2022-02-23,23,24,19,26,31,47,41,30,28,29,45,39,21,34,8,24,47,44,o
371,12 - Pico Union - Los Angeles 2,2022-02-24,26,16,40,18,7,5,11,44,25,10,4,42,0,46,26,25,18,38,r
372,12 - Pico Union - Los Angeles 2,2022-02-25,14,39,26,13,16,28,24,27,30,6,42,24,0,18,11,24,22,31,n
373,12 - Pico Union - Los Angeles 2,2022-02-26,13,25,4,2,38,9,31,31,31,19,12,38,33,26,38,46,18,25,m
374,12 - Pico Union - Los Angeles 2,2022-02-27,23,33,39,42,19,47,30,9,44,2,22,21,24,6,12,5,39,10,y
375,12 - Pico Union - Los Angeles 2,2022-02-28,0,0,26,26,8,40,15,3,46,19,23,7,16,13,5,31,11,31,k
376,12 - Pico Union - Los Angeles 2,2022-03-01,16,28,5,41,27,25,27,26,28,48,10,42,20,36,15,26,44,3,o
377,13 - San Jose - SF Bay Area 2,2022-02-01,22,21,27,18,36,23,5,14,27,4,19,20,1,37,33,30,42,32,v
378,13 - San Jose - SF Bay Area 2,2022-02-02,8,12,6,46,32,30,47,9,0,4,20,2,47,42,5,34,40,36,x
379,13 - San Jose - SF Bay Area 2,2022-02-03,36,45,25,26,24,9,31,3,22,29,41,41,20,10,15,22,10,5,z
380,13 - San Jose - SF Bay Area 2,2022-02-04,15,6,42,7,28,42,1,14,36,43,34,37,38,41,42,33,8,27,c
381,13 - San Jose - SF Bay Area 2,2022-02-05,48,44,25,44,11,15,41,46,12,12,10,22,13,31,40,23,12,40,g
382,13 - San Jose - SF Bay Area 2,2022-02-06,2,21,31,49,21,49,3,18,16,22,6,11,24,18,11,11,33,37,r
383,13 - San Jose - SF Bay Area 2,2022-02-07,11,44,27,41,22,37,28,6,14,26,49,34,42,39,28,26,45,21,o
384,13 - San Jose - SF Bay Area 2,2022-02-08,19,38,40,41,6,26,25,24,3,11,9,33,39,33,42,27,18,0,m
385,13 - San Jose - SF Bay Area 2,2022-02-09,20,35,47,36,46,26,5,22,16,29,22,48,36,19,28,5,15,18,u
386,13 - San Jose - SF Bay Area 2,2022-02-10,34,8,4,40,8,47,49,36,1,29,19,11,47,24,4,37,35,34,y
387,13 - San Jose - SF Bay Area 2,2022-02-11,16,18,38,38,8,40,18,45,40,49,15,16,29,27,37,19,12,24,l
388,13 - San Jose - SF Bay Area 2,2022-02-12,15,38,41,3,43,31,13,29,19,0,28,43,5,15,30,37,20,42,a
389,13 - San Jose - SF Bay Area 2,2022-02-13,31,34,22,3,10,30,19,29,29,21,40,28,30,30,24,41,13,3,w
390,13 - San Jose - SF Bay Area 2,2022-02-14,38,39,22,36,1,14,39,17,26,24,19,40,39,30,49,40,21,34,w
391,13 - San Jose - SF Bay Area 2,2022-02-15,3,0,22,46,12,43,40,36,45,35,35,38,33,27,24,0,5,26,p
392,13 - San Jose - SF Bay Area 2,2022-02-16,29,32,41,31,44,11,31,7,39,5,31,34,25,10,38,21,39,43,v
393,13 - San Jose - SF Bay Area 2,2022-02-17,5,28,40,2,23,32,29,16,23,9,16,49,2,17,6,21,38,23,a
394,13 - San Jose - SF Bay Area 2,2022-02-18,1,46,1,23,27,20,21,9,7,33,21,37,4,26,16,34,11,11,a
395,13 - San Jose - SF Bay Area 2,2022-02-19,14,11,29,16,17,31,42,24,35,9,34,35,12,17,48,21,17,48,r
396,13 - San Jose - SF Bay Area 2,2022-02-20,7,24,20,19,6,31,42,22,45,27,40,31,24,6,45,28,3,12,n
397,13 - San Jose - SF Bay Area 2,2022-02-21,34,19,1,7,0,23,6,47,5,39,1,1,24,8,7,37,15,39,c
398,13 - San Jose - SF Bay Area 2,2022-02-22,0,29,23,40,4,42,39,19,13,44,38,38,34,3,47,29,30,28,b
399,13 - San Jose - SF Bay Area 2,2022-02-23,23,24,19,26,31,47,41,30,28,29,45,39,21,34,8,24,47,44,o
400,13 - San Jose - SF Bay Area 2,2022-02-24,26,16,40,18,7,5,11,44,25,10,4,42,0,46,26,25,18,38,r
401,13 - San Jose - SF Bay Area 2,2022-02-25,14,39,26,13,16,28,24,27,30,6,42,24,0,18,11,24,22,31,n
402,13 - San Jose - SF Bay Area 2,2022-02-26,13,25,4,2,38,9,31,31,31,19,12,38,33,26,38,46,18,25,m
403,13 - San Jose - SF Bay Area 2,2022-02-27,23,33,39,42,19,47,30,9,44,2,22,21,24,6,12,5,39,10,y
404,13 - San Jose - SF Bay Area 2,2022-02-28,0,0,26,26,8,40,15,3,46,19,23,7,16,13,5,31,11,31,k
405,13 - San Jose - SF Bay Area 2,2022-03-01,16,28,5,41,27,25,27,26,28,48,10,42,20,36,15,26,44,3,o
406,14 - Austin - Texas,2022-02-01,22,21,27,18,36,23,5,14,27,4,19,20,1,37,33,30,42,32,v
407,14 - Austin - Texas,2022-02-02,8,12,6,46,32,30,47,9,0,4,20,2,47,42,5,34,40,36,x
408,14 - Austin - Texas,2022-02-03,36,45,25,26,24,9,31,3,22,29,41,41,20,10,15,22,10,5,z
409,14 - Austin - Texas,2022-02-04,15,6,42,7,28,42,1,14,36,43,34,37,38,41,42,33,8,27,c
410,14 - Austin - Texas,2022-02-05,48,44,25,44,11,15,41,46,12,12,10,22,13,31,40,23,12,40,g
411,14 - Austin - Texas,2022-02-06,2,21,31,49,21,49,3,18,16,22,6,11,24,18,11,11,33,37,r
412,14 - Austin - Texas,2022-02-07,11,44,27,41,22,37,28,6,14,26,49,34,42,39,28,26,45,21,o
413,14 - Austin - Texas,2022-02-08,19,38,40,41,6,26,25,24,3,11,9,33,39,33,42,27,18,0,m
414,14 - Austin - Texas,2022-02-09,20,35,47,36,46,26,5,22,16,29,22,48,36,19,28,5,15,18,u
415,14 - Austin - Texas,2022-02-10,34,8,4,40,8,47,49,36,1,29,19,11,47,24,4,37,35,34,y
416,14 - Austin - Texas,2022-02-11,16,18,38,38,8,40,18,45,40,49,15,16,29,27,37,19,12,24,l
417,14 - Austin - Texas,2022-02-12,15,38,41,3,43,31,13,29,19,0,28,43,5,15,30,37,20,42,a
418,14 - Austin - Texas,2022-02-13,31,34,22,3,10,30,19,29,29,21,40,28,30,30,24,41,13,3,w
419,14 - Austin - Texas,2022-02-14,38,39,22,36,1,14,39,17,26,24,19,40,39,30,49,40,21,34,w
420,14 - Austin - Texas,2022-02-15,3,0,22,46,12,43,40,36,45,35,35,38,33,27,24,0,5,26,p
421,14 - Austin - Texas,2022-02-16,29,32,41,31,44,11,31,7,39,5,31,34,25,10,38,21,39,43,v
422,14 - Austin - Texas,2022-02-17,5,28,40,2,23,32,29,16,23,9,16,49,2,17,6,21,38,23,a
423,14 - Austin - Texas,2022-02-18,1,46,1,23,27,20,21,9,7,33,21,37,4,26,16,34,11,11,a
424,14 - Austin - Texas,2022-02-19,14,11,29,16,17,31,42,24,35,9,34,35,12,17,48,21,17,48,r
425,14 - Austin - Texas,2022-02-20,7,24,20,19,6,31,42,22,45,27,40,31,24,6,45,28,3,12,n
426,14 - Austin - Texas,2022-02-21,34,19,1,7,0,23,6,47,5,39,1,1,24,8,7,37,15,39,c
427,14 - Austin - Texas,2022-02-22,0,29,23,40,4,42,39,19,13,44,38,38,34,3,47,29,30,28,b
428,14 - Austin - Texas,2022-02-23,23,24,19,26,31,47,41,30,28,29,45,39,21,34,8,24,47,44,o
429,14 - Austin - Texas,2022-02-24,26,16,40,18,7,5,11,44,25,10,4,42,0,46,26,25,18,38,r
430,14 - Austin - Texas,2022-02-25,14,39,26,13,16,28,24,27,30,6,42,24,0,18,11,24,22,31,n
431,14 - Austin - Texas,2022-02-26,13,25,4,2,38,9,31,31,31,19,12,38,33,26,38,46,18,25,m
432,14 - Austin - Texas,2022-02-27,23,33,39,42,19,47,30,9,44,2,22,21,24,6,12,5,39,10,y
433,14 - Austin - Texas,2022-02-28,0,0,26,26,8,40,15,3,46,19,23,7,16,13,5,31,11,31,k
434,14 - Austin - Texas,2022-03-01,16,28,5,41,27,25,27,26,28,48,10,42,20,36,15,26,44,3,o
435,15 - Chelsea - Boston,2022-02-01,22,21,27,18,36,23,5,14,27,4,19,20,1,37,33,30,42,32,v
436,15 - Chelsea - Boston,2022-02-02,8,12,6,46,32,30,47,9,0,4,20,2,47,42,5,34,40,36,x
437,15 - Chelsea - Boston,2022-02-03,36,45,25,26,24,9,31,3,22,29,41,41,20,10,15,22,10,5,z
438,15 - Chelsea - Boston,2022-02-04,15,6,42,7,28,42,1,14,36,43,34,37,38,41,42,33,8,27,c
439,15 - Chelsea - Boston,2022-02-05,48,44,25,44,11,15,41,46,12,12,10,22,13,31,40,23,12,40,g
440,15 - Chelsea - Boston,2022-02-06,2,21,31,49,21,49,3,18,16,22,6,11,24,18,11,11,33,37,r
441,15 - Chelsea - Boston,2022-02-07,11,44,27,41,22,37,28,6,14,26,49,34,42,39,28,26,45,21,o
442,15 - Chelsea - Boston,2022-02-08,19,38,40,41,6,26,25,24,3,11,9,33,39,33,42,27,18,0,m
443,15 - Chelsea - Boston,2022-02-09,20,35,47,36,46,26,5,22,16,29,22,48,36,19,28,5,15,18,u
444,15 - Chelsea - Boston,2022-02-10,34,8,4,40,8,47,49,36,1,29,19,11,47,24,4,37,35,34,y
445,15 - Chelsea - Boston,2022-02-11,16,18,38,38,8,40,18,45,40,49,15,16,29,27,37,19,12,24,l
446,15 - Chelsea - Boston,2022-02-12,15,38,41,3,43,31,13,29,19,0,28,43,5,15,30,37,20,42,a
447,15 - Chelsea - Boston,2022-02-13,31,34,22,3,10,30,19,29,29,21,40,28,30,30,24,41,13,3,w
448,15 - Chelsea - Boston,2022-02-14,38,39,22,36,1,14,39,17,26,24,19,40,39,30,49,40,21,34,w
449,15 - Chelsea - Boston,2022-02-15,3,0,22,46,12,43,40,36,45,35,35,38,33,27,24,0,5,26,p
450,15 - Chelsea - Boston,2022-02-16,29,32,41,31,44,11,31,7,39,5,31,34,25,10,38,21,39,43,v
451,15 - Chelsea - Boston,2022-02-17,5,28,40,2,23,32,29,16,23,9,16,49,2,17,6,21,38,23,a
452,15 - Chelsea - Boston,2022-02-18,1,46,1,23,27,20,21,9,7,33,21,37,4,26,16,34,11,11,a
453,15 - Chelsea - Boston,2022-02-19,14,11,29,16,17,31,42,24,35,9,34,35,12,17,48,21,17,48,r
454,15 - Chelsea - Boston,2022-02-20,7,24,20,19,6,31,42,22,45,27,40,31,24,6,45,28,3,12,n
455,15 - Chelsea - Boston,2022-02-21,34,19,1,7,0,23,6,47,5,39,1,1,24,8,7,37,15,39,c
456,15 - Chelsea - Boston,2022-02-22,0,29,23,40,4,42,39,19,13,44,38,38,34,3,47,29,30,28,b
457,15 - Chelsea - Boston,2022-02-23,23,24,19,26,31,47,41,30,28,29,45,39,21,34,8,24,47,44,o
458,15 - Chelsea - Boston,2022-02-24,26,16,40,18,7,5,11,44,25,10,4,42,0,46,26,25,18,38,r
459,15 - Chelsea - Boston,2022-02-25,14,39,26,13,16,28,24,27,30,6,42,24,0,18,11,24,22,31,n
460,15 - Chelsea - Boston,2022-02-26,13,25,4,2,38,9,31,31,31,19,12,38,33,26,38,46,18,25,m
461,15 - Chelsea - Boston,2022-02-27,23,33,39,42,19,47,30,9,44,2,22,21,24,6,12,5,39,10,y
462,15 - Chelsea - Boston,2022-02-28,0,0,26,26,8,40,15,3,46,19,23,7,16,13,5,31,11,31,k
463,15 - Chelsea - Boston,2022-03-01,16,28,5,41,27,25,27,26,28,48,10,42,20,36,15,26,44,3,o
464,16 - Harlem - Manhattan 2,2022-02-01,22,21,27,18,36,23,5,14,27,4,19,20,1,37,33,30,42,32,v
465,16 - Harlem - Manhattan 2,2022-02-02,8,12,6,46,32,30,47,9,0,4,20,2,47,42,5,34,40,36,x
466,16 - Harlem - Manhattan 2,2022-02-03,36,45,25,26,24,9,31,3,22,29,41,41,20,10,15,22,10,5,z
467,16 - Harlem - Manhattan 2,2022-02-04,15,6,42,7,28,42,1,14,36,43,34,37,38,41,42,33,8,27,c
468,16 - Harlem - Manhattan 2,2022-02-05,48,44,25,44,11,15,41,46,12,12,10,22,13,31,40,23,12,40,g
469,16 - Harlem - Manhattan 2,2022-02-06,2,21,31,49,21,49,3,18,16,22,6,11,24,18,11,11,33,37,r
470,16 - Harlem - Manhattan 2,2022-02-07,11,44,27,41,22,37,28,6,14,26,49,34,42,39,28,26,45,21,o
471,16 - Harlem - Manhattan 2,2022-02-08,19,38,40,41,6,26,25,24,3,11,9,33,39,33,42,27,18,0,m
472,16 - Harlem - Manhattan 2,2022-02-09,20,35,47,36,46,26,5,22,16,29,22,48,36,19,28,5,15,18,u
473,16 - Harlem - Manhattan 2,2022-02-10,34,8,4,40,8,47,49,36,1,29,19,11,47,24,4,37,35,34,y
474,16 - Harlem - Manhattan 2,2022-02-11,16,18,38,38,8,40,18,45,40,49,15,16,29,27,37,19,12,24,l
475,16 - Harlem - Manhattan 2,2022-02-12,15,38,41,3,43,31,13,29,19,0,28,43,5,15,30,37,20,42,a
476,16 - Harlem - Manhattan 2,2022-02-13,31,34,22,3,10,30,19,29,29,21,40,28,30,30,24,41,13,3,w
477,16 - Harlem - Manhattan 2,2022-02-14,38,39,22,36,1,14,39,17,26,24,19,40,39,30,49,40,21,34,w
478,16 - Harlem - Manhattan 2,2022-02-15,3,0,22,46,12,43,40,36,45,35,35,38,33,27,24,0,5,26,p
479,16 - Harlem - Manhattan 2,2022-02-16,29,32,41,31,44,11,31,7,39,5,31,34,25,10,38,21,39,43,v
480,16 - Harlem - Manhattan 2,2022-02-17,5,28,40,2,23,32,29,16,23,9,16,49,2,17,6,21,38,23,a
481,16 - Harlem - Manhattan 2,2022-02-18,1,46,1,23,27,20,21,9,7,33,21,37,4,26,16,34,11,11,a
482,16 - Harlem - Manhattan 2,2022-02-19,14,11,29,16,17,31,42,24,35,9,34,35,12,17,48,21,17,48,r
483,16 - Harlem - Manhattan 2,2022-02-20,7,24,20,19,6,31,42,22,45,27,40,31,24,6,45,28,3,12,n
484,16 - Harlem - Manhattan 2,2022-02-21,34,19,1,7,0,23,6,47,5,39,1,1,24,8,7,37,15,39,c
485,16 - Harlem - Manhattan 2,2022-02-22,0,29,23,40,4,42,39,19,13,44,38,38,34,3,47,29,30,28,b
486,16 - Harlem - Manhattan 2,2022-02-23,23,24,19,26,31,47,41,30,28,29,45,39,21,34,8,24,47,44,o
487,16 - Harlem - Manhattan 2,2022-02-24,26,16,40,18,7,5,11,44,25,10,4,42,0,46,26,25,18,38,r
488,16 - Harlem - Manhattan 2,2022-02-25,14,39,26,13,16,28,24,27,30,6,42,24,0,18,11,24,22,31,n
489,16 - Harlem - Manhattan 2,2022-02-26,13,25,4,2,38,9,31,31,31,19,12,38,33,26,38,46,18,25,m
490,16 - Harlem - Manhattan 2,2022-02-27,23,33,39,42,19,47,30,9,44,2,22,21,24,6,12,5,39,10,y
491,16 - Harlem - Manhattan 2,2022-02-28,0,0,26,26,8,40,15,3,46,19,23,7,16,13,5,31,11,31,k
492,16 - Harlem - Manhattan 2,2022-03-01,16,28,5,41,27,25,27,26,28,48,10,42,20,36,15,26,44,3,o
493,17 - Union City - New Jersey 1,2022-02-01,22,21,27,18,36,23,5,14,27,4,19,20,1,37,33,30,42,32,v
494,17 - Union City - New Jersey 1,2022-02-02,8,12,6,46,32,30,47,9,0,4,20,2,47,42,5,34,40,36,x
495,17 - Union City - New Jersey 1,2022-02-03,36,45,25,26,24,9,31,3,22,29,41,41,20,10,15,22,10,5,z
496,17 - Union City - New Jersey 1,2022-02-04,15,6,42,7,28,42,1,14,36,43,34,37,38,41,42,33,8,27,c
497,17 - Union City - New Jersey 1,2022-02-05,48,44,25,44,11,15,41,46,12,12,10,22,13,31,40,23,12,40,g
498,17 - Union City - New Jersey 1,2022-02-06,2,21,31,49,21,49,3,18,16,22,6,11,24,18,11,11,33,37,r
499,17 - Union City - New Jersey 1,2022-02-07,11,44,27,41,22,37,28,6,14,26,49,34,42,39,28,26,45,21,o
500,17 - Union City - New Jersey 1,2022-02-08,19,38,40,41,6,26,25,24,3,11,9,33,39,33,42,27,18,0,m
501,17 - Union City - New Jersey 1,2022-02-09,20,35,47,36,46,26,5,22,16,29,22,48,36,19,28,5,15,18,u
502,17 - Union City - New Jersey 1,2022-02-10,34,8,4,40,8,47,49,36,1,29,19,11,47,24,4,37,35,34,y
503,17 - Union City - New Jersey 1,2022-02-11,16,18,38,38,8,40,18,45,40,49,15,16,29,27,37,19,12,24,l
504,17 - Union City - New Jersey 1,2022-02-12,15,38,41,3,43,31,13,29,19,0,28,43,5,15,30,37,20,42,a
505,17 - Union City - New Jersey 1,2022-02-13,31,34,22,3,10,30,19,29,29,21,40,28,30,30,24,41,13,3,w
506,17 - Union City - New Jersey 1,2022-02-14,38,39,22,36,1,14,39,17,26,24,19,40,39,30,49,40,21,34,w
507,17 - Union City - New Jersey 1,2022-02-15,3,0,22,46,12,43,40,36,45,35,35,38,33,27,24,0,5,26,p
508,17 - Union City - New Jersey 1,2022-02-16,29,32,41,31,44,11,31,7,39,5,31,34,25,10,38,21,39,43,v
509,17 - Union City - New Jersey 1,2022-02-17,5,28,40,2,23,32,29,16,23,9,16,49,2,17,6,21,38,23,a
510,17 - Union City - New Jersey 1,2022-02-18,1,46,1,23,27,20,21,9,7,33,21,37,4,26,16,34,11,11,a
511,17 - Union City - New Jersey 1,2022-02-19,14,11,29,16,17,31,42,24,35,9,34,35,12,17,48,21,17,48,r
512,17 - Union City - New Jersey 1,2022-02-20,7,24,20,19,6,31,42,22,45,27,40,31,24,6,45,28,3,12,n
513,17 - Union City - New Jersey 1,2022-02-21,34,19,1,7,0,23,6,47,5,39,1,1,24,8,7,37,15,39,c
514,17 - Union City - New Jersey 1,2022-02-22,0,29,23,40,4,42,39,19,13,44,38,38,34,3,47,29,30,28,b
515,17 - Union City - New Jersey 1,2022-02-23,23,24,19,26,31,47,41,30,28,29,45,39,21,34,8,24,47,44,o
516,17 - Union City - New Jersey 1,2022-02-24,26,16,40,18,7,5,11,44,25,10,4,42,0,46,26,25,18,38,r
517,17 - Union City - New Jersey 1,2022-02-25,14,39,26,13,16,28,24,27,30,6,42,24,0,18,11,24,22,31,n
518,17 - Union City - New Jersey 1,2022-02-26,13,25,4,2,38,9,31,31,31,19,12,38,33,26,38,46,18,25,m
519,17 - Union City - New Jersey 1,2022-02-27,23,33,39,42,19,47,30,9,44,2,22,21,24,6,12,5,39,10,y
520,17 - Union City - New Jersey 1,2022-02-28,0,0,26,26,8,40,15,3,46,19,23,7,16,13,5,31,11,31,k
521,17 - Union City - New Jersey 1,2022-03-01,16,28,5,41,27,25,27,26,28,48,10,42,20,36,15,26,44,3,o
522,19 - Newark - New Jersey 2,2022-02-01,22,21,27,18,36,23,5,14,27,4,19,20,1,37,33,30,42,32,v
523,19 - Newark - New Jersey 2,2022-02-02,8,12,6,46,32,30,47,9,0,4,20,2,47,42,5,34,40,36,x
524,19 - Newark - New Jersey 2,2022-02-03,36,45,25,26,24,9,31,3,22,29,41,41,20,10,15,22,10,5,z
525,19 - Newark - New Jersey 2,2022-02-04,15,6,42,7,28,42,1,14,36,43,34,37,38,41,42,33,8,27,c
526,19 - Newark - New Jersey 2,2022-02-05,48,44,25,44,11,15,41,46,12,12,10,22,13,31,40,23,12,40,g
527,19 - Newark - New Jersey 2,2022-02-06,2,21,31,49,21,49,3,18,16,22,6,11,24,18,11,11,33,37,r
528,19 - Newark - New Jersey 2,2022-02-07,11,44,27,41,22,37,28,6,14,26,49,34,42,39,28,26,45,21,o
529,19 - Newark - New Jersey 2,2022-02-08,19,38,40,41,6,26,25,24,3,11,9,33,39,33,42,27,18,0,m
530,19 - Newark - New Jersey 2,2022-02-09,20,35,47,36,46,26,5,22,16,29,22,48,36,19,28,5,15,18,u
531,19 - Newark - New Jersey 2,2022-02-10,34,8,4,40,8,47,49,36,1,29,19,11,47,24,4,37,35,34,y
532,19 - Newark - New Jersey 2,2022-02-11,16,18,38,38,8,40,18,45,40,49,15,16,29,27,37,19,12,24,l
533,19 - Newark - New Jersey 2,2022-02-12,15,38,41,3,43,31,13,29,19,0,28,43,5,15,30,37,20,42,a
534,19 - Newark - New Jersey 2,2022-02-13,31,34,22,3,10,30,19,29,29,21,40,28,30,30,24,41,13,3,w
535,19 - Newark - New Jersey 2,2022-02-14,38,39,22,36,1,14,39,17,26,24,19,40,39,30,49,40,21,34,w
536,19 - Newark - New Jersey 2,2022-02-15,3,0,22,46,12,43,40,36,45,35,35,38,33,27,24,0,5,26,p
537,19 - Newark - New Jersey 2,2022-02-16,29,32,41,31,44,11,31,7,39,5,31,34,25,10,38,21,39,43,v
538,19 - Newark - New Jersey 2,2022-02-17,5,28,40,2,23,32,29,16,23,9,16,49,2,17,6,21,38,23,a
539,19 - Newark - New Jersey 2,2022-02-18,1,46,1,23,27,20,21,9,7,33,21,37,4,26,16,34,11,11,a
540,19 - Newark - New Jersey 2,2022-02-19,14,11,29,16,17,31,42,24,35,9,34,35,12,17,48,21,17,48,r
541,19 - Newark - New Jersey 2,2022-02-20,7,24,20,19,6,31,42,22,45,27,40,31,24,6,45,28,3,12,n
542,19 - Newark - New Jersey 2,2022-02-21,34,19,1,7,0,23,6,47,5,39,1,1,24,8,7,37,15,39,c
543,19 - Newark - New Jersey 2,2022-02-22,0,29,23,40,4,42,39,19,13,44,38,38,34,3,47,29,30,28,b
544,19 - Newark - New Jersey 2,2022-02-23,23,24,19,26,31,47,41,30,28,29,45,39,21,34,8,24,47,44,o
545,19 - Newark - New Jersey 2,2022-02-24,26,16,40,18,7,5,11,44,25,10,4,42,0,46,26,25,18,38,r
546,19 - Newark - New Jersey 2,2022-02-25,14,39,26,13,16,28,24,27,30,6,42,24,0,18,11,24,22,31,n
547,19 - Newark - New Jersey 2,2022-02-26,13,25,4,2,38,9,31,31,31,19,12,38,33,26,38,46,18,25,m
548,19 - Newark - New Jersey 2,2022-02-27,23,33,39,42,19,47,30,9,44,2,22,21,24,6,12,5,39,10,y
549,19 - Newark - New Jersey 2,2022-02-28,0,0,26,26,8,40,15,3,46,19,23,7,16,13,5,31,11,31,k
550,19 - Newark - New Jersey 2,2022-03-01,16,28,5,41,27,25,27,26,28,48,10,42,20,36,15,26,44,3,o
551,20 - Miami - Florida,2022-02-01,22,21,27,18,36,23,5,14,27,4,19,20,1,37,33,30,42,32,v
552,20 - Miami - Florida,2022-02-02,8,12,6,46,32,30,47,9,0,4,20,2,47,42,5,34,40,36,x
553,20 - Miami - Florida,2022-02-03,36,45,25,26,24,9,31,3,22,29,41,41,20,10,15,22,10,5,z
554,20 - Miami - Florida,2022-02-04,15,6,42,7,28,42,1,14,36,43,34,37,38,41,42,33,8,27,c
555,20 - Miami - Florida,2022-02-05,48,44,25,44,11,15,41,46,12,12,10,22,13,31,40,23,12,40,g
556,20 - Miami - Florida,2022-02-06,2,21,31,49,21,49,3,18,16,22,6,11,24,18,11,11,33,37,r
557,20 - Miami - Florida,2022-02-07,11,44,27,41,22,37,28,6,14,26,49,34,42,39,28,26,45,21,o
558,20 - Miami - Florida,2022-02-08,19,38,40,41,6,26,25,24,3,11,9,33,39,33,42,27,18,0,m
559,20 - Miami - Florida,2022-02-09,20,35,47,36,46,26,5,22,16,29,22,48,36,19,28,5,15,18,u
560,20 - Miami - Florida,2022-02-10,34,8,4,40,8,47,49,36,1,29,19,11,47,24,4,37,35,34,y
561,20 - Miami - Florida,2022-02-11,16,18,38,38,8,40,18,45,40,49,15,16,29,27,37,19,12,24,l
562,20 - Miami - Florida,2022-02-12,15,38,41,3,43,31,13,29,19,0,28,43,5,15,30,37,20,42,a
563,20 - Miami - Florida,2022-02-13,31,34,22,3,10,30,19,29,29,21,40,28,30,30,24,41,13,3,w
564,20 - Miami - Florida,2022-02-14,38,39,22,36,1,14,39,17,26,24,19,40,39,30,49,40,21,34,w
565,20 - Miami - Florida,2022-02-15,3,0,22,46,12,43,40,36,45,35,35,38,33,27,24,0,5,26,p
566,20 - Miami - Florida,2022-02-16,29,32,41,31,44,11,31,7,39,5,31,34,25,10,38,21,39,43,v
567,20 - Miami - Florida,2022-02-17,5,28,40,2,23,32,29,16,23,9,16,49,2,17,6,21,38,23,a
568,20 - Miami - Florida,2022-02-18,1,46,1,23,27,20,21,9,7,33,21,37,4,26,16,34,11,11,a
569,20 - Miami - Florida,2022-02-19,14,11,29,16,17,31,42,24,35,9,34,35,12,17,48,21,17,48,r
570,20 - Miami - Florida,2022-02-20,7,24,20,19,6,31,42,22,45,27,40,31,24,6,45,28,3,12,n
571,20 - Miami - Florida,2022-02-21,34,19,1,7,0,23,6,47,5,39,1,1,24,8,7,37,15,39,c
572,20 - Miami - Florida,2022-02-22,0,29,23,40,4,42,39,19,13,44,38,38,34,3,47,29,30,28,b
573,20 - Miami - Florida,2022-02-23,23,24,19,26,31,47,41,30,28,29,45,39,21,34,8,24,47,44,o
574,20 - Miami - Florida,2022-02-24,26,16,40,18,7,5,11,44,25,10,4,42,0,46,26,25,18,38,r
575,20 - Miami - Florida,2022-02-25,14,39,26,13,16,28,24,27,30,6,42,24,0,18,11,24,22,31,n
576,20 - Miami - Florida,2022-02-26,13,25,4,2,38,9,31,31,31,19,12,38,33,26,38,46,18,25,m
577,20 - Miami - Florida,2022-02-27,23,33,39,42,19,47,30,9,44,2,22,21,24,6,12,5,39,10,y
578,20 - Miami - Florida,2022-02-28,0,0,26,26,8,40,15,3,46,19,23,7,16,13,5,31,11,31,k
579,20 - Miami - Florida,2022-03-01,16,28,5,41,27,25,27,26,28,48,10,42,20,36,15,26,44,3,o
580,21 - Houston - Texas,2022-02-01,22,21,27,18,36,23,5,14,27,4,19,20,1,37,33,30,42,32,v
581,21 - Houston - Texas,2022-02-02,8,12,6,46,32,30,47,9,0,4,20,2,47,42,5,34,40,36,x
582,21 - Houston - Texas,2022-02-03,36,45,25,26,24,9,31,3,22,29,41,41,20,10,15,22,10,5,z
583,21 - Houston - Texas,2022-02-04,15,6,42,7,28,42,1,14,36,43,34,37,38,41,42,33,8,27,c
584,21 - Houston - Texas,2022-02-05,48,44,25,44,11,15,41,46,12,12,10,22,13,31,40,23,12,40,g
585,21 - Houston - Texas,2022-02-06,2,21,31,49,21,49,3,18,16,22,6,11,24,18,11,11,33,37,r
586,21 - Houston - Texas,2022-02-07,11,44,27,41,22,37,28,6,14,26,49,34,42,39,28,26,45,21,o
587,21 - Houston - Texas,2022-02-08,19,38,40,41,6,26,25,24,3,11,9,33,39,33,42,27,18,0,m
588,21 - Houston - Texas,2022-02-09,20,35,47,36,46,26,5,22,16,29,22,48,36,19,28,5,15,18,u
589,21 - Houston - Texas,2022-02-10,34,8,4,40,8,47,49,36,1,29,19,11,47,24,4,37,35,34,y
590,21 - Houston - Texas,2022-02-11,16,18,38,38,8,40,18,45,40,49,15,16,29,27,37,19,12,24,l
591,21 - Houston - Texas,2022-02-12,15,38,41,3,43,31,13,29,19,0,28,43,5,15,30,37,20,42,a
592,21 - Houston - Texas,2022-02-13,31,34,22,3,10,30,19,29,29,21,40,28,30,30,24,41,13,3,w
593,21 - Houston - Texas,2022-02-14,38,39,22,36,1,14,39,17,26,24,19,40,39,30,49,40,21,34,w
594,21 - Houston - Texas,2022-02-15,3,0,22,46,12,43,40,36,45,35,35,38,33,27,24,0,5,26,p
595,21 - Houston - Texas,2022-02-16,29,32,41,31,44,11,31,7,39,5,31,34,25,10,38,21,39,43,v
596,21 - Houston - Texas,2022-02-17,5,28,40,2,23,32,29,16,23,9,16,49,2,17,6,21,38,23,a
597,21 - Houston - Texas,2022-02-18,1,46,1,23,27,20,21,9,7,33,21,37,4,26,16,34,11,11,a
598,21 - Houston - Texas,2022-02-19,14,11,29,16,17,31,42,24,35,9,34,35,12,17,48,21,17,48,r
599,21 - Houston - Texas,2022-02-20,7,24,20,19,6,31,42,22,45,27,40,31,24,6,45,28,3,12,n
600,21 - Houston - Texas,2022-02-21,34,19,1,7,0,23,6,47,5,39,1,1,24,8,7,37,15,39,c
601,21 - Houston - Texas,2022-02-22,0,29,23,40,4,42,39,19,13,44,38,38,34,3,47,29,30,28,b
602,21 - Houston - Texas,2022-02-23,23,24,19,26,31,47,41,30,28,29,45,39,21,34,8,24,47,44,o
603,21 - Houston - Texas,2022-02-24,26,16,40,18,7,5,11,44,25,10,4,42,0,46,26,25,18,38,r
604,21 - Houston - Texas,2022-02-25,14,39,26,13,16,28,24,27,30,6,42,24,0,18,11,24,22,31,n
605,21 - Houston - Texas,2022-02-26,13,25,4,2,38,9,31,31,31,19,12,38,33,26,38,46,18,25,m
606,21 - Houston - Texas,2022-02-27,23,33,39,42,19,47,30,9,44,2,22,21,24,6,12,5,39,10,y
607,21 - Houston - Texas,2022-02-28,0,0,26,26,8,40,15,3,46,19,23,7,16,13,5,31,11,31,k
608,21 - Houston - Texas,2022-03-01,16,28,5,41,27,25,27,26,28,48,10,42,20,36,15,26,44,3,o
609,22 - Long Beach - Los Angeles 3,2022-02-01,22,21,27,18,36,23,5,14,27,4,19,20,1,37,33,30,42,32,v
610,22 - Long Beach - Los Angeles 3,2022-02-02,8,12,6,46,32,30,47,9,0,4,20,2,47,42,5,34,40,36,x
611,22 - Long Beach - Los Angeles 3,2022-02-03,36,45,25,26,24,9,31,3,22,29,41,41,20,10,15,22,10,5,z
612,22 - Long Beach - Los Angeles 3,2022-02-04,15,6,42,7,28,42,1,14,36,43,34,37,38,41,42,33,8,27,c
613,22 - Long Beach - Los Angeles 3,2022-02-05,48,44,25,44,11,15,41,46,12,12,10,22,13,31,40,23,12,40,g
614,22 - Long Beach - Los Angeles 3,2022-02-06,2,21,31,49,21,49,3,18,16,22,6,11,24,18,11,11,33,37,r
615,22 - Long Beach - Los Angeles 3,2022-02-07,11,44,27,41,22,37,28,6,14,26,49,34,42,39,28,26,45,21,o
616,22 - Long Beach - Los Angeles 3,2022-02-08,19,38,40,41,6,26,25,24,3,11,9,33,39,33,42,27,18,0,m
617,22 - Long Beach - Los Angeles 3,2022-02-09,20,35,47,36,46,26,5,22,16,29,22,48,36,19,28,5,15,18,u
618,22 - Long Beach - Los Angeles 3,2022-02-10,34,8,4,40,8,47,49,36,1,29,19,11,47,24,4,37,35,34,y
619,22 - Long Beach - Los Angeles 3,2022-02-11,16,18,38,38,8,40,18,45,40,49,15,16,29,27,37,19,12,24,l
620,22 - Long Beach - Los Angeles 3,2022-02-12,15,38,41,3,43,31,13,29,19,0,28,43,5,15,30,37,20,42,a
621,22 - Long Beach - Los Angeles 3,2022-02-13,31,34,22,3,10,30,19,29,29,21,40,28,30,30,24,41,13,3,w
622,22 - Long Beach - Los Angeles 3,2022-02-14,38,39,22,36,1,14,39,17,26,24,19,40,39,30,49,40,21,34,w
623,22 - Long Beach - Los Angeles 3,2022-02-15,3,0,22,46,12,43,40,36,45,35,35,38,33,27,24,0,5,26,p
624,22 - Long Beach - Los Angeles 3,2022-02-16,29,32,41,31,44,11,31,7,39,5,31,34,25,10,38,21,39,43,v
625,22 - Long Beach - Los Angeles 3,2022-02-17,5,28,40,2,23,32,29,16,23,9,16,49,2,17,6,21,38,23,a
626,22 - Long Beach - Los Angeles 3,2022-02-18,1,46,1,23,27,20,21,9,7,33,21,37,4,26,16,34,11,11,a
627,22 - Long Beach - Los Angeles 3,2022-02-19,14,11,29,16,17,31,42,24,35,9,34,35,12,17,48,21,17,48,r
628,22 - Long Beach - Los Angeles 3,2022-02-20,7,24,20,19,6,31,42,22,45,27,40,31,24,6,45,28,3,12,n
629,22 - Long Beach - Los Angeles 3,2022-02-21,34,19,1,7,0,23,6,47,5,39,1,1,24,8,7,37,15,39,c
630,22 - Long Beach - Los Angeles 3,2022-02-22,0,29,23,40,4,42,39,19,13,44,38,38,34,3,47,29,30,28,b
631,22 - Long Beach - Los Angeles 3,2022-02-23,23,24,19,26,31,47,41,30,28,29,45,39,21,34,8,24,47,44,o
632,22 - Long Beach - Los Angeles 3,2022-02-24,26,16,40,18,7,5,11,44,25,10,4,42,0,46,26,25,18,38,r
633,22 - Long Beach - Los Angeles 3,2022-02-25,14,39,26,13,16,28,24,27,30,6,42,24,0,18,11,24,22,31,n
634,22 - Long Beach - Los Angeles 3,2022-02-26,13,25,4,2,38,9,31,31,31,19,12,38,33,26,38,46,18,25,m
635,22 - Long Beach - Los Angeles 3,2022-02-27,23,33,39,42,19,47,30,9,44,2,22,21,24,6,12,5,39,10,y
636,22 - Long Beach - Los Angeles 3,2022-02-28,0,0,26,26,8,40,15,3,46,19,23,7,16,13,5,31,11,31,k
637,22 - Long Beach - Los Angeles 3,2022-03-01,16,28,5,41,27,25,27,26,28,48,10,42,20,36,15,26,44,3,o
638,23 - Fresno,2022-02-01,22,21,27,18,36,23,5,14,27,4,19,20,1,37,33,30,42,32,v
639,23 - Fresno,2022-02-02,8,12,6,46,32,30,47,9,0,4,20,2,47,42,5,34,40,36,x
640,23 - Fresno,2022-02-03,36,45,25,26,24,9,31,3,22,29,41,41,20,10,15,22,10,5,z
641,23 - Fresno,2022-02-04,15,6,42,7,28,42,1,14,36,43,34,37,38,41,42,33,8,27,c
642,23 - Fresno,2022-02-05,48,44,25,44,11,15,41,46,12,12,10,22,13,31,40,23,12,40,g
643,23 - Fresno,2022-02-06,2,21,31,49,21,49,3,18,16,22,6,11,24,18,11,11,33,37,r
644,23 - Fresno,2022-02-07,11,44,27,41,22,37,28,6,14,26,49,34,42,39,28,26,45,21,o
645,23 - Fresno,2022-02-08,19,38,40,41,6,26,25,24,3,11,9,33,39,33,42,27,18,0,m
646,23 - Fresno,2022-02-09,20,35,47,36,46,26,5,22,16,29,22,48,36,19,28,5,15,18,u
647,23 - Fresno,2022-02-10,34,8,4,40,8,47,49,36,1,29,19,11,47,24,4,37,35,34,y
648,23 - Fresno,2022-02-11,16,18,38,38,8,40,18,45,40,49,15,16,29,27,37,19,12,24,l
649,23 - Fresno,2022-02-12,15,38,41,3,43,31,13,29,19,0,28,43,5,15,30,37,20,42,a
650,23 - Fresno,2022-02-13,31,34,22,3,10,30,19,29,29,21,40,28,30,30,24,41,13,3,w
651,23 - Fresno,2022-02-14,38,39,22,36,1,14,39,17,26,24,19,40,39,30,49,40,21,34,w
652,23 - Fresno,2022-02-15,3,0,22,46,12,43,40,36,45,35,35,38,33,27,24,0,5,26,p
653,23 - Fresno,2022-02-16,29,32,41,31,44,11,31,7,39,5,31,34,25,10,38,21,39,43,v
654,23 - Fresno,2022-02-17,5,28,40,2,23,32,29,16,23,9,16,49,2,17,6,21,38,23,a
655,23 - Fresno,2022-02-18,1,46,1,23,27,20,21,9,7,33,21,37,4,26,16,34,11,11,a
656,23 - Fresno,2022-02-19,14,11,29,16,17,31,42,24,35,9,34,35,12,17,48,21,17,48,r
657,23 - Fresno,2022-02-20,7,24,20,19,6,31,42,22,45,27,40,31,24,6,45,28,3,12,n
658,23 - Fresno,2022-02-21,34,19,1,7,0,23,6,47,5,39,1,1,24,8,7,37,15,39,c
659,23 - Fresno,2022-02-22,0,29,23,40,4,42,39,19,13,44,38,38,34,3,47,29,30,28,b
660,23 - Fresno,2022-02-23,23,24,19,26,31,47,41,30,28,29,45,39,21,34,8,24,47,44,o
661,23 - Fresno,2022-02-24,26,16,40,18,7,5,11,44,25,10,4,42,0,46,26,25,18,38,r
662,23 - Fresno,2022-02-25,14,39,26,13,16,28,24,27,30,6,42,24,0,18,11,24,22,31,n
663,23 - Fresno,2022-02-26,13,25,4,2,38,9,31,31,31,19,12,38,33,26,38,46,18,25,m
664,23 - Fresno,2022-02-27,23,33,39,42,19,47,30,9,44,2,22,21,24,6,12,5,39,10,y
665,23 - Fresno,2022-02-28,0,0,26,26,8,40,15,3,46,19,23,7,16,13,5,31,11,31,k
666,23 - Fresno,2022-03-01,16,28,5,41,27,25,27,26,28,48,10,42,20,36,15,26,44,3,o
667,24 - Chicago,2022-02-01,22,21,27,18,36,23,5,14,27,4,19,20,1,37,33,30,42,32,v
668,24 - Chicago,2022-02-02,8,12,6,46,32,30,47,9,0,4,20,2,47,42,5,34,40,36,x
669,24 - Chicago,2022-02-03,36,45,25,26,24,9,31,3,22,29,41,41,20,10,15,22,10,5,z
670,24 - Chicago,2022-02-04,15,6,42,7,28,42,1,14,36,43,34,37,38,41,42,33,8,27,c
671,24 - Chicago,2022-02-05,48,44,25,44,11,15,41,46,12,12,10,22,13,31,40,23,12,40,g
672,24 - Chicago,2022-02-06,2,21,31,49,21,49,3,18,16,22,6,11,24,18,11,11,33,37,r
673,24 - Chicago,2022-02-07,11,44,27,41,22,37,28,6,14,26,49,34,42,39,28,26,45,21,o
674,24 - Chicago,2022-02-08,19,38,40,41,6,26,25,24,3,11,9,33,39,33,42,27,18,0,m
675,24 - Chicago,2022-02-09,20,35,47,36,46,26,5,22,16,29,22,48,36,19,28,5,15,18,u
676,24 - Chicago,2022-02-10,34,8,4,40,8,47,49,36,1,29,19,11,47,24,4,37,35,34,y
677,24 - Chicago,2022-02-11,16,18,38,38,8,40,18,45,40,49,15,16,29,27,37,19,12,24,l
678,24 - Chicago,2022-02-12,15,38,41,3,43,31,13,29,19,0,28,43,5,15,30,37,20,42,a
679,24 - Chicago,2022-02-13,31,34,22,3,10,30,19,29,29,21,40,28,30,30,24,41,13,3,w
680,24 - Chicago,2022-02-14,38,39,22,36,1,14,39,17,26,24,19,40,39,30,49,40,21,34,w
681,24 - Chicago,2022-02-15,3,0,22,46,12,43,40,36,45,35,35,38,33,27,24,0,5,26,p
682,24 - Chicago,2022-02-16,29,32,41,31,44,11,31,7,39,5,31,34,25,10,38,21,39,43,v
683,24 - Chicago,2022-02-17,5,28,40,2,23,32,29,16,23,9,16,49,2,17,6,21,38,23,a
684,24 - Chicago,2022-02-18,1,46,1,23,27,20,21,9,7,33,21,37,4,26,16,34,11,11,a
685,24 - Chicago,2022-02-19,14,11,29,16,17,31,42,24,35,9,34,35,12,17,48,21,17,48,r
686,24 - Chicago,2022-02-20,7,24,20,19,6,31,42,22,45,27,40,31,24,6,45,28,3,12,n
687,24 - Chicago,2022-02-21,34,19,1,7,0,23,6,47,5,39,1,1,24,8,7,37,15,39,c
688,24 - Chicago,2022-02-22,0,29,23,40,4,42,39,19,13,44,38,38,34,3,47,29,30,28,b
689,24 - Chicago,2022-02-23,23,24,19,26,31,47,41,30,28,29,45,39,21,34,8,24,47,44,o
690,24 - Chicago,2022-02-24,26,16,40,18,7,5,11,44,25,10,4,42,0,46,26,25,18,38,r
691,24 - Chicago,2022-02-25,14,39,26,13,16,28,24,27,30,6,42,24,0,18,11,24,22,31,n
692,24 - Chicago,2022-02-26,13,25,4,2,38,9,31,31,31,19,12,38,33,26,38,46,18,25,m
693,24 - Chicago,2022-02-27,23,33,39,42,19,47,30,9,44,2,22,21,24,6,12,5,39,10,y
694,24 - Chicago,2022-02-28,0,0,26,26,8,40,15,3,46,19,23,7,16,13,5,31,11,31,k
695,24 - Chicago,2022-03-01,16,28,5,41,27,25,27,26,28,48,10,42,20,36,15,26,44,3,o
696,25 - Trenton/Camden - New Jersey 4,2022-02-01,22,21,27,18,36,23,5,14,27,4,19,20,1,37,33,30,42,32,v
697,25 - Trenton/Camden - New Jersey 4,2022-02-02,8,12,6,46,32,30,47,9,0,4,20,2,47,42,5,34,40,36,x
698,25 - Trenton/Camden - New Jersey 4,2022-02-03,36,45,25,26,24,9,31,3,22,29,41,41,20,10,15,22,10,5,z
699,25 - Trenton/Camden - New Jersey 4,2022-02-04,15,6,42,7,28,42,1,14,36,43,34,37,38,41,42,33,8,27,c
700,25 - Trenton/Camden - New Jersey 4,2022-02-05,48,44,25,44,11,15,41,46,12,12,10,22,13,31,40,23,12,40,g
701,25 - Trenton/Camden - New Jersey 4,2022-02-06,2,21,31,49,21,49,3,18,16,22,6,11,24,18,11,11,33,37,r
702,25 - Trenton/Camden - New Jersey 4,2022-02-07,11,44,27,41,22,37,28,6,14,26,49,34,42,39,28,26,45,21,o
703,25 - Trenton/Camden - New Jersey 4,2022-02-08,19,38,40,41,6,26,25,24,3,11,9,33,39,33,42,27,18,0,m
704,25 - Trenton/Camden - New Jersey 4,2022-02-09,20,35,47,36,46,26,5,22,16,29,22,48,36,19,28,5,15,18,u
705,25 - Trenton/Camden - New Jersey 4,2022-02-10,34,8,4,40,8,47,49,36,1,29,19,11,47,24,4,37,35,34,y
706,25 - Trenton/Camden - New Jersey 4,2022-02-11,16,18,38,38,8,40,18,45,40,49,15,16,29,27,37,19,12,24,l
707,25 - Trenton/Camden - New Jersey 4,2022-02-12,15,38,41,3,43,31,13,29,19,0,28,43,5,15,30,37,20,42,a
708,25 - Trenton/Camden - New Jersey 4,2022-02-13,31,34,22,3,10,30,19,29,29,21,40,28,30,30,24,41,13,3,w
709,25 - Trenton/Camden - New Jersey 4,2022-02-14,38,39,22,36,1,14,39,17,26,24,19,40,39,30,49,40,21,34,w
710,25 - Trenton/Camden - New Jersey 4,2022-02-15,3,0,22,46,12,43,40,36,45,35,35,38,33,27,24,0,5,26,p
711,25 - Trenton/Camden - New Jersey 4,2022-02-16,29,32,41,31,44,11,31,7,39,5,31,34,25,10,38,21,39,43,v
712,25 - Trenton/Camden - New Jersey 4,2022-02-17,5,28,40,2,23,32,29,16,23,9,16,49,2,17,6,21,38,23,a
713,25 - Trenton/Camden - New Jersey 4,2022-02-18,1,46,1,23,27,20,21,9,7,33,21,37,4,26,16,34,11,11,a
714,25 - Trenton/Camden - New Jersey 4,2022-02-19,14,11,29,16,17,31,42,24,35,9,34,35,12,17,48,21,17,48,r
715,25 - Trenton/Camden - New Jersey 4,2022-02-20,7,24,20,19,6,31,42,22,45,27,40,31,24,6,45,28,3,12,n
716,25 - Trenton/Camden - New Jersey 4,2022-02-21,34,19,1,7,0,23,6,47,5,39,1,1,24,8,7,37,15,39,c
717,25 - Trenton/Camden - New Jersey 4,2022-02-22,0,29,23,40,4,42,39,19,13,44,38,38,34,3,47,29,30,28,b
718,25 - Trenton/Camden - New Jersey 4,2022-02-23,23,24,19,26,31,47,41,30,28,29,45,39,21,34,8,24,47,44,o
719,25 - Trenton/Camden - New Jersey 4,2022-02-24,26,16,40,18,7,5,11,44,25,10,4,42,0,46,26,25,18,38,r
720,25 - Trenton/Camden - New Jersey 4,2022-02-25,14,39,26,13,16,28,24,27,30,6,42,24,0,18,11,24,22,31,n
721,25 - Trenton/Camden - New Jersey 4,2022-02-26,13,25,4,2,38,9,31,31,31,19,12,38,33,26,38,46,18,25,m
722,25 - Trenton/Camden - New Jersey 4,2022-02-27,23,33,39,42,19,47,30,9,44,2,22,21,24,6,12,5,39,10,y
723,25 - Trenton/Camden - New Jersey 4,2022-02-28,0,0,26,26,8,40,15,3,46,19,23,7,16,13,5,31,11,31,k
724,25 - Trenton/Camden - New Jersey 4,2022-03-01,16,28,5,41,27,25,27,26,28,48,10,42,20,36,15,26,44,3,o
725,26 - San Antonio - Texas,2022-02-01,22,21,27,18,36,23,5,14,27,4,19,20,1,37,33,30,42,32,v
726,26 - San Antonio - Texas,2022-02-02,8,12,6,46,32,30,47,9,0,4,20,2,47,42,5,34,40,36,x
727,26 - San Antonio - Texas,2022-02-03,36,45,25,26,24,9,31,3,22,29,41,41,20,10,15,22,10,5,z
728,26 - San Antonio - Texas,2022-02-04,15,6,42,7,28,42,1,14,36,43,34,37,38,41,42,33,8,27,c
729,26 - San Antonio - Texas,2022-02-05,48,44,25,44,11,15,41,46,12,12,10,22,13,31,40,23,12,40,g
730,26 - San Antonio - Texas,2022-02-06,2,21,31,49,21,49,3,18,16,22,6,11,24,18,11,11,33,37,r
731,26 - San Antonio - Texas,2022-02-07,11,44,27,41,22,37,28,6,14,26,49,34,42,39,28,26,45,21,o
732,26 - San Antonio - Texas,2022-02-08,19,38,40,41,6,26,25,24,3,11,9,33,39,33,42,27,18,0,m
733,26 - San Antonio - Texas,2022-02-09,20,35,47,36,46,26,5,22,16,29,22,48,36,19,28,5,15,18,u
734,26 - San Antonio - Texas,2022-02-10,34,8,4,40,8,47,49,36,1,29,19,11,47,24,4,37,35,34,y
735,26 - San Antonio - Texas,2022-02-11,16,18,38,38,8,40,18,45,40,49,15,16,29,27,37,19,12,24,l
736,26 - San Antonio - Texas,2022-02-12,15,38,41,3,43,31,13,29,19,0,28,43,5,15,30,37,20,42,a
737,26 - San Antonio - Texas,2022-02-13,31,34,22,3,10,30,19,29,29,21,40,28,30,30,24,41,13,3,w
738,26 - San Antonio - Texas,2022-02-14,38,39,22,36,1,14,39,17,26,24,19,40,39,30,49,40,21,34,w
739,26 - San Antonio - Texas,2022-02-15,3,0,22,46,12,43,40,36,45,35,35,38,33,27,24,0,5,26,p
740,26 - San Antonio - Texas,2022-02-16,29,32,41,31,44,11,31,7,39,5,31,34,25,10,38,21,39,43,v
741,26 - San Antonio - Texas,2022-02-17,5,28,40,2,23,32,29,16,23,9,16,49,2,17,6,21,38,23,a
742,26 - San Antonio - Texas,2022-02-18,1,46,1,23,27,20,21,9,7,33,21,37,4,26,16,34,11,11,a
743,26 - San Antonio - Texas,2022-02-19,14,11,29,16,17,31,42,24,35,9,34,35,12,17,48,21,17,48,r
744,26 - San Antonio - Texas,2022-02-20,7,24,20,19,6,31,42,22,45,27,40,31,24,6,45,28,3,12,n
745,26 - San Antonio - Texas,2022-02-21,34,19,1,7,0,23,6,47,5,39,1,1,24,8,7,37,15,39,c
746,26 - San Antonio - Texas,2022-02-22,0,29,23,40,4,42,39,19,13,44,38,38,34,3,47,29,30,28,b
747,26 - San Antonio - Texas,2022-02-23,23,24,19,26,31,47,41,30,28,29,45,39,21,34,8,24,47,44,o
748,26 - San Antonio - Texas,2022-02-24,26,16,40,18,7,5,11,44,25,10,4,42,0,46,26,25,18,38,r
749,26 - San Antonio - Texas,2022-02-25,14,39,26,13,16,28,24,27,30,6,42,24,0,18,11,24,22,31,n
750,26 - San Antonio - Texas,2022-02-26,13,25,4,2,38,9,31,31,31,19,12,38,33,26,38,46,18,25,m
751,26 - San Antonio - Texas,2022-02-27,23,33,39,42,19,47,30,9,44,2,22,21,24,6,12,5,39,10,y
752,26 - San Antonio - Texas,2022-02-28,0,0,26,26,8,40,15,3,46,19,23,7,16,13,5,31,11,31,k
753,26 - San Antonio - Texas,2022-03-01,16,28,5,41,27,25,27,26,28,48,10,42,20,36,15,26,44,3,o
754,27 - Hartford/Bridgeport/New Haven - Connecticut,2022-02-01,22,21,27,18,36,23,5,14,27,4,19,20,1,37,33,30,42,32,v
755,27 - Hartford/Bridgeport/New Haven - Connecticut,2022-02-02,8,12,6,46,32,30,47,9,0,4,20,2,47,42,5,34,40,36,x
756,27 - Hartford/Bridgeport/New Haven - Connecticut,2022-02-03,36,45,25,26,24,9,31,3,22,29,41,41,20,10,15,22,10,5,z
757,27 - Hartford/Bridgeport/New Haven - Connecticut,2022-02-04,15,6,42,7,28,42,1,14,36,43,34,37,38,41,42,33,8,27,c
758,27 - Hartford/Bridgeport/New Haven - Connecticut,2022-02-05,48,44,25,44,11,15,41,46,12,12,10,22,13,31,40,23,12,40,g
759,27 - Hartford/Bridgeport/New Haven - Connecticut,2022-02-06,2,21,31,49,21,49,3,18,16,22,6,11,24,18,11,11,33,37,r
760,27 - Hartford/Bridgeport/New Haven - Connecticut,2022-02-07,11,44,27,41,22,37,28,6,14,26,49,34,42,39,28,26,45,21,o
761,27 - Hartford/Bridgeport/New Haven - Connecticut,2022-02-08,19,38,40,41,6,26,25,24,3,11,9,33,39,33,42,27,18,0,m
762,27 - Hartford/Bridgeport/New Haven - Connecticut,2022-02-09,20,35,47,36,46,26,5,22,16,29,22,48,36,19,28,5,15,18,u
763,27 - Hartford/Bridgeport/New Haven - Connecticut,2022-02-10,34,8,4,40,8,47,49,36,1,29,19,11,47,24,4,37,35,34,y
764,27 - Hartford/Bridgeport/New Haven - Connecticut,2022-02-11,16,18,38,38,8,40,18,45,40,49,15,16,29,27,37,19,12,24,l
765,27 - Hartford/Bridgeport/New Haven - Connecticut,2022-02-12,15,38,41,3,43,31,13,29,19,0,28,43,5,15,30,37,20,42,a
766,27 - Hartford/Bridgeport/New Haven - Connecticut,2022-02-13,31,34,22,3,10,30,19,29,29,21,40,28,30,30,24,41,13,3,w
767,27 - Hartford/Bridgeport/New Haven - Connecticut,2022-02-14,38,39,22,36,1,14,39,17,26,24,19,40,39,30,49,40,21,34,w
768,27 - Hartford/Bridgeport/New Haven - Connecticut,2022-02-15,3,0,22,46,12,43,40,36,45,35,35,38,33,27,24,0,5,26,p
769,27 - Hartford/Bridgeport/New Haven - Connecticut,2022-02-16,29,32,41,31,44,11,31,7,39,5,31,34,25,10,38,21,39,43,v
770,27 - Hartford/Bridgeport/New Haven - Connecticut,2022-02-17,5,28,40,2,23,32,29,16,23,9,16,49,2,17,6,21,38,23,a
771,27 - Hartford/Bridgeport/New Haven - Connecticut,2022-02-18,1,46,1,23,27,20,21,9,7,33,21,37,4,26,16,34,11,11,a
772,27 - Hartford/Bridgeport/New Haven - Connecticut,2022-02-19,14,11,29,16,17,31,42,24,35,9,34,35,12,17,48,21,17,48,r
773,27 - Hartford/Bridgeport/New Haven - Connecticut,2022-02-20,7,24,20,19,6,31,42,22,45,27,40,31,24,6,45,28,3,12,n
774,27 - Hartford/Bridgeport/New Haven - Connecticut,2022-02-21,34,19,1,7,0,23,6,47,5,39,1,1,24,8,7,37,15,39,c
775,27 - Hartford/Bridgeport/New Haven - Connecticut,2022-02-22,0,29,23,40,4,42,39,19,13,44,38,38,34,3,47,29,30,28,b
776,27 - Hartford/Bridgeport/New Haven - Connecticut,2022-02-23,23,24,19,26,31,47,41,30,28,29,45,39,21,34,8,24,47,44,o
777,27 - Hartford/Bridgeport/New Haven - Connecticut,2022-02-24,26,16,40,18,7,5,11,44,25,10,4,42,0,46,26,25,18,38,r
778,27 - Hartford/Bridgeport/New Haven - Connecticut,2022-02-25,14,39,26,13,16,28,24,27,30,6,42,24,0,18,11,24,22,31,n
779,27 - Hartford/Bridgeport/New Haven - Connecticut,2022-02-26,13,25,4,2,38,9,31,31,31,19,12,38,33,26,38,46,18,25,m
780,27 - Hartford/Bridgeport/New Haven - Connecticut,2022-02-27,23,33,39,42,19,47,30,9,44,2,22,21,24,6,12,5,39,10,y
781,27 - Hartford/Bridgeport/New Haven - Connecticut,2022-02-28,0,0,26,26,8,40,15,3,46,19,23,7,16,13,5,31,11,31,k
782,27 - Hartford/Bridgeport/New Haven - Connecticut,2022-03-01,16,28,5,41,27,25,27,26,28,48,10,42,20,36,15,26,44,3,o
783,28 - Dallas - Texas,2022-02-01,22,21,27,18,36,23,5,14,27,4,19,20,1,37,33,30,42,32,v
784,28 - Dallas - Texas,2022-02-02,8,12,6,46,32,30,47,9,0,4,20,2,47,42,5,34,40,36,x
785,28 - Dallas - Texas,2022-02-03,36,45,25,26,24,9,31,3,22,29,41,41,20,10,15,22,10,5,z
786,28 - Dallas - Texas,2022-02-04,15,6,42,7,28,42,1,14,36,43,34,37,38,41,42,33,8,27,c
787,28 - Dallas - Texas,2022-02-05,48,44,25,44,11,15,41,46,12,12,10,22,13,31,40,23,12,40,g
788,28 - Dallas - Texas,2022-02-06,2,21,31,49,21,49,3,18,16,22,6,11,24,18,11,11,33,37,r
789,28 - Dallas - Texas,2022-02-07,11,44,27,41,22,37,28,6,14,26,49,34,42,39,28,26,45,21,o
790,28 - Dallas - Texas,2022-02-08,19,38,40,41,6,26,25,24,3,11,9,33,39,33,42,27,18,0,m
791,28 - Dallas - Texas,2022-02-09,20,35,47,36,46,26,5,22,16,29,22,48,36,19,28,5,15,18,u
792,28 - Dallas - Texas,2022-02-10,34,8,4,40,8,47,49,36,1,29,19,11,47,24,4,37,35,34,y
793,28 - Dallas - Texas,2022-02-11,16,18,38,38,8,40,18,45,40,49,15,16,29,27,37,19,12,24,l
794,28 - Dallas - Texas,2022-02-12,15,38,41,3,43,31,13,29,19,0,28,43,5,15,30,37,20,42,a
795,28 - Dallas - Texas,2022-02-13,31,34,22,3,10,30,19,29,29,21,40,28,30,30,24,41,13,3,w
796,28 - Dallas - Texas,2022-02-14,38,39,22,36,1,14,39,17,26,24,19,40,39,30,49,40,21,34,w
797,28 - Dallas - Texas,2022-02-15,3,0,22,46,12,43,40,36,45,35,35,38,33,27,24,0,5,26,p
798,28 - Dallas - Texas,2022-02-16,29,32,41,31,44,11,31,7,39,5,31,34,25,10,38,21,39,43,v
799,28 - Dallas - Texas,2022-02-17,5,28,40,2,23,32,29,16,23,9,16,49,2,17,6,21,38,23,a
800,28 - Dallas - Texas,2022-02-18,1,46,1,23,27,20,21,9,7,33,21,37,4,26,16,34,11,11,a
801,28 - Dallas - Texas,2022-02-19,14,11,29,16,17,31,42,24,35,9,34,35,12,17,48,21,17,48,r
802,28 - Dallas - Texas,2022-02-20,7,24,20,19,6,31,42,22,45,27,40,31,24,6,45,28,3,12,n
803,28 - Dallas - Texas,2022-02-21,34,19,1,7,0,23,6,47,5,39,1,1,24,8,7,37,15,39,c
804,28 - Dallas - Texas,2022-02-22,0,29,23,40,4,42,39,19,13,44,38,38,34,3,47,29,30,28,b
805,28 - Dallas - Texas,2022-02-23,23,24,19,26,31,47,41,30,28,29,45,39,21,34,8,24,47,44,o
806,28 - Dallas - Texas,2022-02-24,26,16,40,18,7,5,11,44,25,10,4,42,0,46,26,25,18,38,r
807,28 - Dallas - Texas,2022-02-25,14,39,26,13,16,28,24,27,30,6,42,24,0,18,11,24,22,31,n
808,28 - Dallas - Texas,2022-02-26,13,25,4,2,38,9,31,31,31,19,12,38,33,26,38,46,18,25,m
809,28 - Dallas - Texas,2022-02-27,23,33,39,42,19,47,30,9,44,2,22,21,24,6,12,5,39,10,y
810,28 - Dallas - Texas,2022-02-28,0,0,26,26,8,40,15,3,46,19,23,7,16,13,5,31,11,31,k
811,28 - Dallas - Texas,2022-03-01,16,28,5,41,27,25,27,26,28,48,10,42,20,36,15,26,44,3,o
812,29 -  Memphis - Tennessee,2022-02-01,22,21,27,18,36,23,5,14,27,4,19,20,1,37,33,30,42,32,v
813,29 -  Memphis - Tennessee,2022-02-02,8,12,6,46,32,30,47,9,0,4,20,2,47,42,5,34,40,36,x
814,29 -  Memphis - Tennessee,2022-02-03,36,45,25,26,24,9,31,3,22,29,41,41,20,10,15,22,10,5,z
815,29 -  Memphis - Tennessee,2022-02-04,15,6,42,7,28,42,1,14,36,43,34,37,38,41,42,33,8,27,c
816,29 -  Memphis - Tennessee,2022-02-05,48,44,25,44,11,15,41,46,12,12,10,22,13,31,40,23,12,40,g
817,29 -  Memphis - Tennessee,2022-02-06,2,21,31,49,21,49,3,18,16,22,6,11,24,18,11,11,33,37,r
818,29 -  Memphis - Tennessee,2022-02-07,11,44,27,41,22,37,28,6,14,26,49,34,42,39,28,26,45,21,o
819,29 -  Memphis - Tennessee,2022-02-08,19,38,40,41,6,26,25,24,3,11,9,33,39,33,42,27,18,0,m
820,29 -  Memphis - Tennessee,2022-02-09,20,35,47,36,46,26,5,22,16,29,22,48,36,19,28,5,15,18,u
821,29 -  Memphis - Tennessee,2022-02-10,34,8,4,40,8,47,49,36,1,29,19,11,47,24,4,37,35,34,y
822,29 -  Memphis - Tennessee,2022-02-11,16,18,38,38,8,40,18,45,40,49,15,16,29,27,37,19,12,24,l
823,29 -  Memphis - Tennessee,2022-02-12,15,38,41,3,43,31,13,29,19,0,28,43,5,15,30,37,20,42,a
824,29 -  Memphis - Tennessee,2022-02-13,31,34,22,3,10,30,19,29,29,21,40,28,30,30,24,41,13,3,w
825,29 -  Memphis - Tennessee,2022-02-14,38,39,22,36,1,14,39,17,26,24,19,40,39,30,49,40,21,34,w
826,29 -  Memphis - Tennessee,2022-02-15,3,0,22,46,12,43,40,36,45,35,35,38,33,27,24,0,5,26,p
827,29 -  Memphis - Tennessee,2022-02-16,29,32,41,31,44,11,31,7,39,5,31,34,25,10,38,21,39,43,v
828,29 -  Memphis - Tennessee,2022-02-17,5,28,40,2,23,32,29,16,23,9,16,49,2,17,6,21,38,23,a
829,29 -  Memphis - Tennessee,2022-02-18,1,46,1,23,27,20,21,9,7,33,21,37,4,26,16,34,11,11,a
830,29 -  Memphis - Tennessee,2022-02-19,14,11,29,16,17,31,42,24,35,9,34,35,12,17,48,21,17,48,r
831,29 -  Memphis - Tennessee,2022-02-20,7,24,20,19,6,31,42,22,45,27,40,31,24,6,45,28,3,12,n
832,29 -  Memphis - Tennessee,2022-02-21,34,19,1,7,0,23,6,47,5,39,1,1,24,8,7,37,15,39,c
833,29 -  Memphis - Tennessee,2022-02-22,0,29,23,40,4,42,39,19,13,44,38,38,34,3,47,29,30,28,b
834,29 -  Memphis - Tennessee,2022-02-23,23,24,19,26,31,47,41,30,28,29,45,39,21,34,8,24,47,44,o
835,29 -  Memphis - Tennessee,2022-02-24,26,16,40,18,7,5,11,44,25,10,4,42,0,46,26,25,18,38,r
836,29 -  Memphis - Tennessee,2022-02-25,14,39,26,13,16,28,24,27,30,6,42,24,0,18,11,24,22,31,n
837,29 -  Memphis - Tennessee,2022-02-26,13,25,4,2,38,9,31,31,31,19,12,38,33,26,38,46,18,25,m
838,29 -  Memphis - Tennessee,2022-02-27,23,33,39,42,19,47,30,9,44,2,22,21,24,6,12,5,39,10,y
839,29 -  Memphis - Tennessee,2022-02-28,0,0,26,26,8,40,15,3,46,19,23,7,16,13,5,31,11,31,k
840,29 -  Memphis - Tennessee,2022-03-01,16,28,5,41,27,25,27,26,28,48,10,42,20,36,15,26,44,3,o
